event_id,vendor_id,event_date,compliance_status
68b1394b-6418-49bc-b58d-5112820ce53f,V-1000,2025-10-21T15:27:19,ASN_Mismatch
957baae2-9af6-4af2-9c03-b1677724439f,V-1000,2025-10-06T14:15:40,No_ASN
134ee77d-71b1-4a37-a991-05a20b74d091,V-1000,2025-10-09T08:22:43,ASN_Mismatch
54ee28c3-39be-47c1-9ab8-37071acfcc34,V-1000,2025-10-18T13:34:00,On_Time
f9efc153-af36-4d64-b364-18dc2a112529,V-1000,2025-10-30T04:04:54,ASN_Mismatch
433fb4d8-382f-4363-b407-39eb84265226,V-1000,2025-10-10T06:29:15,On_Time
13c9fc2b-92df-467c-b8a4-0303c625c5dd,V-1000,2025-10-30T13:53:55,Late_ASN
29af9f14-2277-409e-b6b5-13601fc56a69,V-1000,2025-10-22T22:01:18,No_ASN
e52e341c-4c97-4e63-a607-52aa4ba07574,V-1000,2025-10-19T10:07:20,Late_ASN
29bdd6d4-abc6-4bfa-8b50-eb2e7168529a,V-1000,2025-10-19T19:29:16,Late_ASN
e69d3af8-018e-4617-bfc0-1d7cc2656fae,V-1000,2025-10-26T04:58:09,Late_ASN
b70b4023-6123-4f6e-8e2c-13a4a57a1c86,V-1000,2025-10-14T18:21:22,ASN_Mismatch
61b2c4f8-8d60-4769-8b3d-d83cf848acf7,V-1000,2025-10-23T17:51:11,On_Time
60feda46-0935-467c-a9f2-6310616aa067,V-1000,2025-10-28T09:19:38,On_Time
4781176b-5be9-4187-af04-323a3b8fa85e,V-1000,2025-10-08T14:32:49,No_ASN
80c2b1b5-bb66-47cf-a4a1-7a2502f9775d,V-1000,2025-10-11T00:16:50,Late_ASN
32d49000-899e-4660-8a9d-3e487f4896d1,V-1000,2025-10-28T07:57:23,Late_ASN
b516b7d3-b1d9-4bf2-b108-a1784bfffa14,V-1000,2025-10-23T18:30:10,ASN_Mismatch
39314b3b-2445-4eae-9cbc-a103da7946c7,V-1000,2025-10-28T19:46:17,ASN_Mismatch
1d3dd24a-8b79-42dc-bd61-6b05f2880f13,V-1000,2025-10-26T17:35:04,Late_ASN
41f569d2-6a35-477d-bf3d-2a3a1ab22751,V-1000,2025-10-23T02:20:55,No_ASN
353980b8-19b7-49a6-9311-96f2ed037bef,V-1000,2025-10-02T07:10:15,No_ASN
b9810c7c-db32-4507-a814-7c59eacec510,V-1000,2025-10-09T08:34:46,Late_ASN
a91fe19f-f8f4-43f1-87c6-8dc1ed38077c,V-1000,2025-10-04T17:20:06,ASN_Mismatch
4b1dca03-2f2a-48b9-afcd-a46c350fbc58,V-1000,2025-10-31T08:18:37,On_Time
ff58edce-7706-4930-bded-33a76f9bd234,V-1000,2025-10-20T01:59:40,Late_ASN
4b368c9b-ec3a-42da-8081-66321f010cc7,V-1000,2025-10-14T03:47:28,Late_ASN
a5ded8aa-e10d-4b53-833d-fdfba45964a5,V-1000,2025-10-10T23:04:24,No_ASN
b03a1d2c-5598-4802-a505-a92717c7f054,V-1000,2025-10-27T20:00:08,Late_ASN
5f95e4de-d8aa-4a79-b0fa-73e1ae918bb2,V-1000,2025-10-31T15:49:35,Late_ASN
bce3c5c6-a34c-404a-9e1e-3f44b373c097,V-1000,2025-10-03T15:12:27,ASN_Mismatch
2da07498-bcd3-4dbc-ad0c-c4f11f2e847d,V-1000,2025-10-06T08:28:46,ASN_Mismatch
4e70c701-8aa7-45e8-9331-9fe02f51ef8a,V-1000,2025-10-22T21:56:03,ASN_Mismatch
9ba053e2-c4d4-4cc5-8598-dbbfc73a5edb,V-1000,2025-10-17T11:03:30,On_Time
e093ea75-36c8-491c-bd87-d0aeef7e7886,V-1000,2025-10-26T06:24:57,Late_ASN
246b673d-c757-4091-a9d0-59e8132afb44,V-1000,2025-10-22T10:36:42,Late_ASN
caf2a42c-5aa1-4050-8e75-94ad07c6d973,V-1000,2025-10-16T13:30:36,Late_ASN
3d142ee1-b5fe-449a-bf9a-ea647c663758,V-1000,2025-10-23T21:49:13,No_ASN
e13aa11f-e34b-4cfb-8f16-f58278d267a1,V-1000,2025-10-12T17:29:32,No_ASN
8e8d50e2-cab7-436b-94cf-2a762ef831f6,V-1000,2025-10-28T02:27:37,No_ASN
95fb99aa-6513-4648-a251-59f2c848d54d,V-1000,2025-10-17T21:10:57,ASN_Mismatch
a2b59627-1cd1-4e8e-a586-ccfbd7a7468d,V-1000,2025-10-06T00:58:30,Late_ASN
81590723-59ed-41e1-8176-082ae320f8b1,V-1000,2025-10-18T20:51:11,ASN_Mismatch
f334e580-010e-41e5-bcda-03388331ff4d,V-1000,2025-10-18T10:41:05,ASN_Mismatch
07f2dea1-6882-4655-b32a-c9f60d4aa07b,V-1000,2025-10-29T06:06:02,No_ASN
b48326fe-4f61-45ff-acca-6b49892eb2e2,V-1000,2025-10-16T06:17:32,Late_ASN
1c179bb4-6bd6-41c7-8a7e-7b617364c74b,V-1000,2025-10-11T16:33:09,Late_ASN
370e78c1-0de2-4ba7-b953-41ddf68efa6b,V-1000,2025-10-13T21:09:10,Late_ASN
8617f9fa-c101-4027-bd01-3ee3f4f484d6,V-1000,2025-10-11T20:45:18,No_ASN
9da1129b-388b-4346-87d8-d393cef1f285,V-1000,2025-10-13T15:08:38,No_ASN
33c04f43-a707-4bae-92c4-8440b13bf6c4,V-1001,2025-10-02T11:06:27,Late_ASN
ca652d62-f72d-4e3d-8624-ba3cb316644f,V-1001,2025-10-09T10:10:31,Late_ASN
70229fe2-b9ef-47a8-8510-7239e547df6f,V-1001,2025-10-08T04:59:30,Late_ASN
1c9ec68a-448d-4109-807b-2e59030fae18,V-1001,2025-10-07T00:48:35,Late_ASN
b6522a73-9615-46af-b43e-ab5fd0ed969a,V-1001,2025-10-02T17:15:17,ASN_Mismatch
ff0c4067-347b-4eec-9448-8e89290626df,V-1001,2025-10-20T05:31:58,ASN_Mismatch
80ace861-84da-4580-9759-7023c2911496,V-1001,2025-10-29T21:18:59,No_ASN
e81f4c74-8f2d-4850-9ac7-27ade10a4da9,V-1001,2025-10-06T06:09:31,Late_ASN
59a47e36-3e8c-454f-91cc-067878f13171,V-1001,2025-10-27T23:03:24,Late_ASN
05b347a4-ccb2-4c26-abcc-4dee25f15994,V-1001,2025-10-24T06:47:28,On_Time
10795963-a4c4-4ae2-a2f5-df1e8b6819cf,V-1001,2025-10-10T13:32:19,No_ASN
9c017d39-491f-4db5-8578-e9bb0e6e05ce,V-1001,2025-10-18T02:21:34,ASN_Mismatch
fd0feacf-d9dd-4523-a8fb-d12aa176d3de,V-1001,2025-10-26T03:17:26,No_ASN
a34e985d-dd01-43a9-a8eb-794056bac170,V-1001,2025-10-11T00:46:58,ASN_Mismatch
994afb26-a327-4f78-a72d-08be533b6f87,V-1001,2025-10-24T00:24:14,No_ASN
04c0e523-7f64-4abc-ad09-490b845e8bef,V-1001,2025-10-02T13:39:42,Late_ASN
d0a3e4c0-1ef1-4060-a7e6-1331ce45512d,V-1001,2025-10-23T00:56:38,No_ASN
ba282473-2e91-4d42-b3e1-167104f3996c,V-1001,2025-10-24T21:24:10,Late_ASN
7c73d2b1-d760-4e9e-b7bd-7c421a69cbc2,V-1001,2025-10-19T17:13:18,ASN_Mismatch
7a04b1fe-c530-4084-a142-7b2993612da1,V-1001,2025-10-20T22:18:11,No_ASN
08a09d89-a71b-4a55-bbf3-de6350b6bd07,V-1001,2025-10-20T14:49:40,ASN_Mismatch
e7fc0eda-33ef-4385-9663-cc4387d99185,V-1001,2025-10-24T21:12:21,Late_ASN
cfa34421-f9b4-4977-ae20-90a695277bd0,V-1001,2025-10-07T07:21:11,Late_ASN
7630f587-297f-4e20-a823-3a388820a396,V-1001,2025-10-26T22:41:18,Late_ASN
e7757488-7229-4704-a589-eca2ffbf79e1,V-1001,2025-10-04T15:18:12,Late_ASN
5c7d9da2-33c1-4ce8-8c69-3faa4b694843,V-1001,2025-10-04T08:34:59,No_ASN
c2a31540-e6a6-48a1-8ef3-d96398b60266,V-1001,2025-10-07T13:22:22,ASN_Mismatch
d755ce75-e188-40f2-aeab-9c021165a597,V-1001,2025-10-01T18:11:03,Late_ASN
e1282a08-1775-4533-ac3f-48bf1124e50e,V-1001,2025-10-31T17:12:38,Late_ASN
f749584f-d962-47ee-9944-1f89d7a7478e,V-1001,2025-10-07T09:51:15,ASN_Mismatch
9ed44321-2df1-4564-abd3-98c278db16ec,V-1001,2025-10-23T12:51:07,On_Time
fe33095f-e89b-4cc4-94f0-d87162e8f306,V-1001,2025-10-26T23:24:12,Late_ASN
83d1491b-b66b-4b06-94c9-cf880efc1b37,V-1001,2025-10-27T12:09:47,No_ASN
2bc65135-fc32-44dd-a309-4843c5b33458,V-1001,2025-10-12T09:05:28,No_ASN
23202d49-7385-4e55-8e9a-0f7eb4c047b5,V-1001,2025-10-12T22:25:26,ASN_Mismatch
0fd32965-dbe7-4c5e-bbd9-0d1b978dae0a,V-1001,2025-10-12T05:54:34,ASN_Mismatch
cb0dc4dc-ff32-444a-9299-86b3f90ec900,V-1001,2025-10-17T15:33:34,ASN_Mismatch
7fc77ac7-7a7f-4b23-ae54-52230d160f4b,V-1001,2025-10-12T06:01:35,ASN_Mismatch
ea81d5c6-7640-4eb1-9b9f-08290c34d054,V-1002,2025-10-27T23:57:44,ASN_Mismatch
9e6b1a3f-8140-41a5-9340-023ce77abe61,V-1002,2025-10-13T04:07:45,Late_ASN
06b97d75-33a9-4a23-8ea6-6e42518b7dc2,V-1002,2025-10-13T17:48:39,No_ASN
13689a1f-2fb7-4104-ae0f-e6ab6f09239b,V-1002,2025-10-06T20:14:10,ASN_Mismatch
93ec5656-4ba4-43d3-a8cc-d605e600604f,V-1002,2025-10-11T12:52:55,ASN_Mismatch
410db191-1f29-4463-8da1-4544924fb885,V-1002,2025-10-25T14:50:58,Late_ASN
5a969dc7-cde2-43b4-8dcb-9ba7a9b835c8,V-1002,2025-10-22T01:15:25,ASN_Mismatch
4b188572-05b6-43ba-adff-e7e9216c09df,V-1002,2025-10-16T11:24:17,ASN_Mismatch
c5ff80f8-166d-4eac-b124-deb5c6c13d1c,V-1002,2025-10-27T17:44:28,No_ASN
cdb10073-8a17-489f-9dcb-f4a406d0c886,V-1002,2025-10-29T10:35:18,Late_ASN
78e4428a-e07a-493c-889f-6758bf441d3c,V-1002,2025-10-10T02:55:35,No_ASN
bbd11349-1664-4214-a0ac-39368b649d99,V-1002,2025-10-13T19:58:28,On_Time
a95e5983-ba2b-4165-942b-35731a979534,V-1002,2025-10-08T11:35:20,Late_ASN
f5814fb0-b8d6-4099-a91b-0f47502c199a,V-1002,2025-10-17T22:13:48,On_Time
36d77e35-1312-4f1a-a93f-dff840523668,V-1002,2025-10-14T18:28:42,No_ASN
8a257b64-1162-4a01-ac3f-069fad7d0e51,V-1002,2025-10-03T02:02:19,ASN_Mismatch
f2daa3a5-2a09-4791-b695-3e9d1c702fca,V-1002,2025-10-19T13:31:02,Late_ASN
fed71b9b-2b2b-4ad2-8271-c0172552c53e,V-1002,2025-10-22T03:08:53,ASN_Mismatch
02cff6f5-927f-4406-85e0-ab43f4913d6e,V-1002,2025-10-02T05:10:25,ASN_Mismatch
d5c14db1-a639-465e-a4b8-53a4f5bb7c70,V-1002,2025-10-18T13:49:01,Late_ASN
b0e1176e-7fca-47ac-81fe-f4b1aea6b7be,V-1002,2025-10-27T16:36:41,Late_ASN
ac968a92-cb0a-4f6d-a887-31cd00c0104c,V-1002,2025-10-30T10:43:14,ASN_Mismatch
80a71687-244b-46cd-b540-e909149df4f8,V-1002,2025-10-17T17:44:11,On_Time
945222ae-f269-471e-8f87-9ebfa2242e3f,V-1002,2025-10-01T15:41:30,ASN_Mismatch
55b5fcb5-c59c-450e-99d7-19835274a1bb,V-1002,2025-10-16T02:51:13,No_ASN
7a63e315-3d3c-419f-92a5-c88d79aec7c9,V-1002,2025-10-23T12:52:25,No_ASN
7a4a79f9-2ecf-442b-845d-9338ae9fbee8,V-1002,2025-10-27T08:16:27,ASN_Mismatch
3871bd67-aa9e-4235-8d92-5f23ae371881,V-1002,2025-10-21T16:54:04,On_Time
8163700f-a3e4-44bf-860e-c2045ba86675,V-1002,2025-10-18T13:34:54,ASN_Mismatch
a1e8ba6d-8705-4770-b926-98b247ff7a82,V-1002,2025-10-27T22:33:03,No_ASN
85bb2446-116f-41c6-9e28-1e892924dc39,V-1002,2025-10-25T00:29:22,ASN_Mismatch
9441bb42-55d4-4d32-a930-77a9c3ca81e0,V-1002,2025-10-02T22:28:12,No_ASN
66859574-2030-4967-964b-fed63e81ba32,V-1002,2025-10-24T16:06:38,ASN_Mismatch
eb1ba2cb-0589-4606-a4d3-337d25784f14,V-1002,2025-10-09T10:48:29,ASN_Mismatch
f6679712-8633-4ca8-9ff2-24c9e2684a94,V-1002,2025-10-07T14:10:52,ASN_Mismatch
0e765193-e278-4d38-a88f-e17ed0672835,V-1002,2025-10-19T17:55:22,No_ASN
6ed65558-b276-4e6c-91c2-25533c14aad1,V-1002,2025-10-27T15:20:49,Late_ASN
e396db38-5360-4581-a488-2d26836ef480,V-1002,2025-10-15T16:17:08,ASN_Mismatch
aad3347e-aa62-4509-b471-1b5e94b4d4ca,V-1002,2025-10-07T06:57:48,Late_ASN
69e5ba8d-0503-4214-ad3b-2c5ba4adb951,V-1002,2025-10-27T23:07:22,No_ASN
71452b9c-bfef-4d04-9cdd-83d8fcba44f9,V-1002,2025-10-20T06:21:33,ASN_Mismatch
f7479d95-0b56-4392-bc30-f623d055b155,V-1002,2025-10-15T04:58:58,On_Time
ca3d0c81-1e22-435b-8b89-411ff810184e,V-1002,2025-10-14T16:12:16,ASN_Mismatch
f5d69c62-7663-496e-9b02-5ebd5ed1ac18,V-1002,2025-10-09T06:51:41,ASN_Mismatch
088595e1-5cb1-4f7b-a2ce-f2c3f72b4f06,V-1002,2025-10-22T16:57:42,ASN_Mismatch
e77382c5-76b6-4bfe-be40-9a217e73107d,V-1002,2025-10-19T22:52:15,Late_ASN
70a80652-43b8-4a34-a965-2cf5b6f85352,V-1002,2025-10-16T03:55:39,Late_ASN
7636c3ec-ee49-42ee-9985-eabe51258a52,V-1002,2025-10-13T12:22:22,Late_ASN
efbcda09-3db7-4a74-8ba0-c73baa492223,V-1002,2025-10-31T15:27:28,Late_ASN
2f87af0d-870f-4038-aa4b-68dbe9b9678c,V-1002,2025-10-26T01:53:02,ASN_Mismatch
c474fc38-9325-4b60-8721-ee1466603933,V-1002,2025-10-11T13:00:02,On_Time
8a5ab076-2e70-42c6-9f38-699766190f21,V-1002,2025-10-08T10:30:25,ASN_Mismatch
cf1c9888-4a17-44a6-a5ee-7575dbbc6609,V-1003,2025-10-27T04:37:42,No_ASN
96b552e8-c86d-416f-a96c-ef9b99c6155f,V-1003,2025-10-13T01:27:47,Late_ASN
1e9a41e5-2a07-4d14-a312-f1ba9308db1a,V-1003,2025-10-25T11:44:40,ASN_Mismatch
442bd893-344b-48d8-b2ef-789612bef4b9,V-1003,2025-10-08T02:01:45,Late_ASN
d3d33ac1-bb5a-47d4-9c29-e3ee45a02e6c,V-1003,2025-10-24T20:39:27,Late_ASN
863368d7-6220-47f7-9a9c-39371b1ed17f,V-1003,2025-10-19T07:40:59,Late_ASN
80d5f716-199e-4ec3-96e4-70c645c257f4,V-1003,2025-10-04T20:53:47,ASN_Mismatch
a54ea495-4abe-4c1c-b4ae-13365cb57b11,V-1003,2025-10-12T22:28:26,Late_ASN
0422a9e0-5715-44dc-ae2d-c1496f7fc69f,V-1003,2025-10-09T00:26:29,No_ASN
f724b24e-949f-465b-88db-dbaedfeeeece,V-1003,2025-10-16T16:35:37,No_ASN
7c2f2422-e240-463b-9567-acfb7fcfa9c9,V-1003,2025-10-21T09:50:12,On_Time
3e257e38-6439-49a8-af28-1b6e9ae2b14e,V-1003,2025-10-14T13:23:03,Late_ASN
01b3da02-3597-4f73-9ab5-5e406d0544a5,V-1003,2025-10-03T20:03:59,ASN_Mismatch
c07fe52b-59c1-4bfe-8ba4-faf8f50288ec,V-1003,2025-10-16T12:37:39,No_ASN
e3b52872-4663-4803-986e-879e6f82aef1,V-1003,2025-10-15T10:58:59,ASN_Mismatch
96190d17-4856-49e9-9443-bd5f5029a9bf,V-1003,2025-10-30T22:33:10,Late_ASN
e4e91b41-5f1a-4acd-9c56-dc3ed3c080d0,V-1003,2025-10-02T18:13:11,Late_ASN
af94d201-9c83-4acd-a943-48d298955c69,V-1003,2025-10-08T14:02:00,Late_ASN
b9987072-7d41-436b-96e9-ff1d0670cd57,V-1003,2025-10-22T08:33:23,Late_ASN
bd8fde02-2c6a-4e72-8d48-a73ac7297033,V-1003,2025-10-10T02:37:06,Late_ASN
3e17a11d-d134-4dc2-8fd3-a8dabd5abe39,V-1003,2025-10-27T22:12:52,No_ASN
93781e75-3351-467b-8536-5a91cb142411,V-1003,2025-10-28T11:15:54,No_ASN
4d334524-7f20-4b23-8c1b-4abff60ea668,V-1003,2025-10-08T04:36:26,On_Time
a5031f39-0691-4a53-b86e-4baecbb2e84d,V-1003,2025-10-04T00:28:46,Late_ASN
b9723bd3-189b-44f4-b12a-5ebd472bfd9a,V-1003,2025-10-20T08:28:06,Late_ASN
9d906f78-99e3-4911-b515-15de3f5064ab,V-1003,2025-10-05T08:49:32,ASN_Mismatch
19984fc3-9d86-4067-8e05-1e55a4e283cb,V-1003,2025-10-25T22:40:12,Late_ASN
211a3fee-efcf-4417-b6da-5454315e7534,V-1003,2025-10-15T13:42:53,On_Time
9d34927c-f70e-4779-a3eb-c8c4bd018a4c,V-1003,2025-10-02T06:24:12,Late_ASN
085ed3a9-7e39-49bb-b898-612db3afe697,V-1003,2025-10-06T14:47:15,Late_ASN
4fb51438-2dba-49bc-a680-d11580db2673,V-1003,2025-10-24T23:01:49,Late_ASN
6a8dc62d-cbda-4da2-b4de-3661ffd674e8,V-1003,2025-10-31T02:41:39,No_ASN
26c5b373-f26f-4bb6-b147-e6ecafd25525,V-1003,2025-10-25T01:52:43,Late_ASN
9140129a-1473-44dd-8830-9b79143e2068,V-1003,2025-10-22T08:37:49,No_ASN
02f619bf-36af-4ba7-9e37-44dfe1f0aafa,V-1003,2025-10-28T09:08:57,Late_ASN
2a341569-8f47-463c-9df2-2b91d0bfc8cd,V-1003,2025-10-19T01:07:10,ASN_Mismatch
f917c333-fbfa-4aeb-a667-9122dacdacbf,V-1003,2025-10-09T15:52:29,Late_ASN
c95b0a73-2736-42b9-872d-bb0d6f26e070,V-1003,2025-10-04T00:06:16,ASN_Mismatch
d88bdab9-10b1-4d91-b4e9-2ad133cf18d6,V-1003,2025-10-29T00:29:39,No_ASN
785b20af-bbee-4349-b26c-fda26ba71ae1,V-1003,2025-10-31T09:12:29,No_ASN
c38fc45d-e32a-473f-baec-7408cc4addb7,V-1003,2025-10-29T17:35:32,ASN_Mismatch
eef020d0-a4a5-45d7-adf2-5f4f69fa0a9e,V-1003,2025-10-12T13:04:59,ASN_Mismatch
0e1ce940-8e3f-4e91-9a52-bca584475c35,V-1003,2025-10-30T20:43:13,Late_ASN
69520c6b-af14-4d54-bbd6-85ad28fda29a,V-1003,2025-10-13T02:35:08,ASN_Mismatch
b1968a25-4e35-42d4-9109-d7d20dfb9fc8,V-1004,2025-10-29T04:18:31,Late_ASN
48ab72cd-97db-446a-b89f-e9a18c4693ba,V-1004,2025-10-14T19:39:32,ASN_Mismatch
c2c736a0-341c-4cf4-952c-035b0b8bdf13,V-1004,2025-10-10T15:51:11,No_ASN
100e745b-8dfa-4811-948d-7633a33c07eb,V-1004,2025-10-04T13:11:37,No_ASN
0bf3d534-c78d-44e8-800a-43caec476797,V-1004,2025-10-14T19:42:13,No_ASN
242af4bf-4bf1-4f1f-b74d-4ccddfcfd05e,V-1004,2025-10-08T03:54:46,ASN_Mismatch
86f54c61-c136-4536-aa57-11734cb1f334,V-1004,2025-10-24T15:15:35,ASN_Mismatch
4b8fdf1a-dccc-4995-841b-bbbe4cea3875,V-1004,2025-10-23T07:16:41,ASN_Mismatch
28ff94c1-ab91-448f-ac96-a9ff200c083c,V-1004,2025-10-09T19:44:26,ASN_Mismatch
11afcedd-2e9a-4fc3-84ac-a73fdce1bf00,V-1004,2025-10-21T14:47:48,Late_ASN
7f6cb69d-4153-4222-aa67-1cf7d36c9de7,V-1004,2025-10-06T07:50:53,ASN_Mismatch
f9addaf0-77e0-49db-98a7-f860cb019467,V-1004,2025-10-04T10:17:23,ASN_Mismatch
fc568ecc-b20b-42d8-b60d-0ae2770b9dfe,V-1004,2025-10-27T15:33:59,ASN_Mismatch
bfa74b5b-6d65-4ff7-9476-a5c1f6cf73c7,V-1004,2025-10-01T00:53:48,Late_ASN
57c751ee-3032-4fa1-9fd6-4bc10c904dba,V-1004,2025-10-24T20:08:21,No_ASN
4861454e-51c3-47b9-82e1-93b24075d3eb,V-1004,2025-10-20T07:17:03,ASN_Mismatch
81aa97e7-9386-4dd6-bc11-8870ad90d470,V-1004,2025-10-01T00:19:45,Late_ASN
f643e9e7-aa0b-45d9-ab00-2cc29491f66f,V-1004,2025-10-01T07:07:59,ASN_Mismatch
aac73b0a-584d-4417-982a-cb163067ff85,V-1004,2025-10-23T10:04:47,Late_ASN
ee300dfb-ceda-411b-a22e-e1949a418f85,V-1004,2025-10-23T16:50:13,Late_ASN
2adef594-b9cf-4039-ae3f-76c4802375b8,V-1004,2025-10-17T12:53:25,On_Time
5ffb4e98-45c1-4e3d-b96e-7185cffc117d,V-1004,2025-10-27T04:28:52,ASN_Mismatch
ffedad72-91fa-49ca-84d5-8f1e8b80517b,V-1004,2025-10-04T08:05:01,On_Time
6dea13ba-2f67-40ad-86bf-ca285d518935,V-1004,2025-10-08T19:43:35,Late_ASN
e7dc5e66-f099-4e80-a16f-32ff164fea89,V-1004,2025-10-11T16:52:27,Late_ASN
babc1d90-648d-46d3-8f87-db9fea2337ee,V-1004,2025-10-04T19:40:28,Late_ASN
2ed6c3fc-7fa2-456f-8d83-b85722984d11,V-1004,2025-10-19T14:15:41,No_ASN
e10d0e98-d234-4cb9-afb1-a3530246b0ab,V-1004,2025-10-01T12:22:48,Late_ASN
f2eef1ab-c4d0-4f91-a5ec-36f6a285ac37,V-1004,2025-10-25T22:10:15,Late_ASN
550c4266-ad92-4fdf-a376-14447d30db74,V-1004,2025-10-31T13:09:15,No_ASN
a457567c-a078-4f1c-8316-4a8a38cedf91,V-1004,2025-10-17T13:10:47,Late_ASN
2b71bd0b-801e-425b-b6e1-08e029f8e258,V-1004,2025-10-25T19:41:13,No_ASN
9c2a02cf-7034-43a9-840c-4a7c8b30c149,V-1004,2025-10-14T06:57:32,ASN_Mismatch
2214d5b3-951b-4cd8-8f54-593c9d14b638,V-1004,2025-10-15T17:56:15,Late_ASN
6c756da9-2826-484a-b34b-9484a3e2f894,V-1004,2025-10-10T17:02:47,On_Time
c9d16b6f-970f-4667-b8bb-3fc75be3d2ee,V-1004,2025-10-05T10:39:05,No_ASN
943238e2-9d29-43bb-86c1-84f286da8496,V-1004,2025-10-29T22:31:03,ASN_Mismatch
0f5a668b-2fd3-4111-b582-f050846b80b7,V-1004,2025-10-21T20:19:13,No_ASN
5abd3817-c88f-4f06-8c3b-a14ee9b312b8,V-1004,2025-10-08T07:44:33,On_Time
b5d3ed7a-2541-4e0b-98ff-61b1a578a3de,V-1004,2025-10-18T15:38:12,ASN_Mismatch
215a7cba-1ef6-4a0e-ad74-05176df42d45,V-1004,2025-10-01T00:05:09,No_ASN
c755c352-d894-4638-b1fa-17632684651f,V-1004,2025-10-30T15:38:00,ASN_Mismatch
fae40ea4-a5ff-4435-be92-9ce76c7e9bcf,V-1004,2025-10-05T02:00:00,ASN_Mismatch
978cc067-c553-4dcd-bacd-4c6b895001f7,V-1004,2025-10-28T21:32:41,ASN_Mismatch
24e7d7cb-a8e1-4c21-a08b-a8897afd2142,V-1004,2025-10-09T04:39:01,Late_ASN
3e0bce8c-b143-4f93-ba95-e3657a676a3f,V-1004,2025-10-23T03:27:08,Late_ASN
af39cfdb-6816-443b-bace-bd40fd107a7e,V-1004,2025-10-22T19:35:31,Late_ASN
d83d3c46-7b25-45d8-b656-ea09eb1e146b,V-1004,2025-10-02T05:08:11,No_ASN
94567774-7d3c-43c4-a57c-19d2fb4c5f1d,V-1005,2025-10-16T08:37:13,Compliant
cd5d77d7-7fd8-480f-9014-ebdb34b048f5,V-1005,2025-10-21T21:30:41,On_Time
6e6c5242-d46f-4a1f-bbf4-feda01178820,V-1005,2025-10-05T01:43:34,On_Time
0ccb8614-273e-44b2-98e4-5f191e891e47,V-1005,2025-10-10T20:54:55,On_Time
3e97fd6f-82a2-4d97-9b8d-8eb1108ae956,V-1005,2025-10-10T03:23:16,On_Time
bd2bcf0d-22e6-45e3-a2a6-f7fe42342d57,V-1005,2025-10-01T12:26:51,On_Time
9a77b860-648b-4240-a8d1-8420df608b82,V-1005,2025-10-15T19:28:37,On_Time
37405332-b633-4498-ad65-71100d49cd3d,V-1005,2025-10-09T01:50:11,Compliant
91485f9d-33da-425c-98fa-c6b167c2180c,V-1005,2025-10-03T23:27:01,On_Time
f8b02631-90d8-4c62-a21e-29a7034edfeb,V-1005,2025-10-06T04:23:29,Compliant
6c40eea7-702a-48e9-b0a5-42153bbd841c,V-1005,2025-10-03T09:19:35,Compliant
08a7ec60-275e-45c3-b3a7-d68bc2cd1fe5,V-1005,2025-10-27T21:16:45,Compliant
2ea3aece-c72b-42d8-8f3a-a4d5761a4dab,V-1005,2025-10-21T04:45:58,Compliant
8fc4a626-0705-4b66-96b4-160def126afb,V-1005,2025-10-14T13:57:35,On_Time
a626c2a2-3b76-4e0b-9986-e71edce659da,V-1005,2025-10-07T10:17:16,Compliant
c8281d70-e8df-4962-9a3d-501e3f262538,V-1005,2025-10-07T01:06:23,On_Time
310c1e9d-2e3f-4a5f-bc6b-72bfd2213828,V-1005,2025-10-07T12:29:11,On_Time
1e115004-7ab0-4ff4-8205-2790f53ee8e1,V-1005,2025-10-21T07:19:00,On_Time
4ee0b4f2-9cde-482a-8b1f-e3a704927cd8,V-1005,2025-10-04T15:40:40,On_Time
7cba021c-f272-4a1d-9881-face08f58000,V-1005,2025-10-03T13:37:56,Compliant
52f4b8f9-3800-4e1f-a5cd-185d149b009b,V-1005,2025-10-20T06:50:18,Compliant
a4cb9b81-361f-405b-974c-dd4285ef4b9a,V-1005,2025-10-14T06:20:25,Compliant
1dfcc35d-6bc1-4a39-9583-354496b3e016,V-1005,2025-10-26T00:43:59,On_Time
795f122d-14ce-4787-b1ca-686178121ab2,V-1005,2025-10-04T02:18:23,Compliant
39487fd2-31ce-4ef0-81cc-026b3146b1fb,V-1005,2025-10-19T18:26:50,Compliant
eb905c54-b634-41a6-92ee-3e5f64fca6c6,V-1005,2025-10-24T22:55:53,On_Time
7e88ee6f-a201-4d79-b39f-e7be1f2818ab,V-1005,2025-10-15T06:12:18,On_Time
4d4f7684-c86a-4059-a520-e6d18d856fb9,V-1005,2025-10-16T21:19:52,Compliant
a5b95051-8eb6-4573-888a-f19730c6071a,V-1005,2025-10-31T13:07:06,On_Time
9dc1d79f-0d11-4f1c-b3bc-af055bf51626,V-1006,2025-10-20T05:35:28,Compliant
b5f29b17-6a9c-4939-a56b-4b1ca9754822,V-1006,2025-10-05T04:10:01,Compliant
baac7e7f-5fce-497e-961a-b8d8c59e4587,V-1006,2025-10-27T06:44:46,On_Time
01779964-c0fa-48d0-ae8f-1e37ecbcb4fe,V-1006,2025-10-20T12:54:30,On_Time
5ec42232-db0d-4106-b546-9706d1fc3f97,V-1006,2025-10-02T01:25:12,Compliant
c6891aca-4447-449d-93ab-89e33a8a6538,V-1006,2025-10-03T09:11:36,Compliant
2375cb4c-951e-4515-b561-d884e5eb99d2,V-1006,2025-10-20T20:25:04,On_Time
3935f0f3-5da6-4165-91be-b895fbae8c9f,V-1006,2025-10-24T10:29:10,On_Time
d5d0e038-f720-42af-a5da-3c5e6b570e10,V-1006,2025-10-25T18:39:37,On_Time
ec15e957-d7bb-4edf-9492-30590f59aaa3,V-1006,2025-10-20T18:15:56,Compliant
15d9e89c-c27a-4a36-9895-8bf152728f82,V-1006,2025-10-01T14:19:06,On_Time
5973d47c-effc-4e66-899f-c104ffaeadb1,V-1006,2025-10-06T02:50:18,On_Time
10359556-ab48-4dd8-ad91-97390b9e21a6,V-1006,2025-10-23T15:09:04,Compliant
07c85067-400b-4354-b084-b342abd51913,V-1006,2025-10-02T13:22:01,On_Time
cec791eb-6714-4b9a-b0f9-aed65a13895c,V-1006,2025-10-29T07:03:58,Compliant
8a862633-970c-4631-acd6-7990f464393d,V-1006,2025-10-14T18:26:26,Compliant
355c33eb-6d80-41d6-b14a-01af3a53ac9b,V-1006,2025-10-17T11:48:06,On_Time
2b395bd8-18e6-4858-8165-1fb8ba466763,V-1006,2025-10-10T09:36:38,Compliant
b6862f31-128f-486a-95de-28a07ce64f29,V-1006,2025-10-05T18:07:31,On_Time
a9895da3-a373-4d51-94d0-418e058280e9,V-1006,2025-10-25T07:13:53,Compliant
04188d44-703e-4932-86db-1e9f2eec8de4,V-1006,2025-10-21T15:15:37,On_Time
19618176-817d-4734-b54b-4cc1c1eb7e47,V-1006,2025-10-08T08:37:09,On_Time
23f35582-ae6f-4593-b660-0865bd0dbc3d,V-1006,2025-10-28T01:50:23,Compliant
c05a68ea-51e3-4ac1-9c96-2e6d41709da2,V-1006,2025-10-31T01:15:26,On_Time
11d1f549-d630-4077-8732-beed0eef9a35,V-1006,2025-10-19T23:39:59,Compliant
4a6e68b3-05ac-4dfd-bb6f-da5851c6266a,V-1006,2025-10-25T20:53:52,On_Time
2a3e3e7a-f14e-4d74-8b3e-e95481e6126d,V-1006,2025-10-31T08:03:13,Compliant
13bb4430-0ac7-476d-a7cf-3d36a9bed1ef,V-1006,2025-10-10T12:49:24,On_Time
fa96fadc-ea14-40ce-85fc-7161b37eaa3a,V-1006,2025-10-24T04:24:58,Compliant
593fa574-f7b0-4e85-932d-46bd3c8b3fd7,V-1006,2025-10-08T12:25:41,Compliant
83bea8ed-bb48-488c-a18f-2931abb42247,V-1006,2025-10-14T20:49:26,Compliant
f3559d9b-9026-4c86-af24-bb558beead7d,V-1006,2025-10-31T20:50:11,On_Time
a09d7090-e8c0-44ea-b21b-d84dbe2121a1,V-1007,2025-10-11T23:28:09,On_Time
4921126e-9412-4674-bf13-87e14aeb34de,V-1007,2025-10-25T21:15:33,Compliant
22511698-8fd3-4691-99b5-1ad1b3940be7,V-1007,2025-10-13T20:59:57,Compliant
ee4d87f2-159c-4b5b-99ae-e9cbe1720a50,V-1007,2025-10-11T23:02:54,Compliant
2f291cde-2799-4f9a-9cdf-53e48ed8dbe5,V-1007,2025-10-02T23:25:55,Compliant
1c5c0828-a012-4773-9644-8335c0f420f2,V-1007,2025-10-17T13:41:57,On_Time
3e7a4bce-2599-4fcd-aa89-f33cfb406128,V-1007,2025-10-27T18:31:31,Compliant
717a3372-4231-4ba6-8329-39055f4ad54e,V-1007,2025-10-28T17:11:07,On_Time
9165de49-c45a-48d8-b0f0-ff191e803574,V-1007,2025-10-28T20:38:22,Compliant
dd223faf-8d6e-468d-a6e5-b590fa5bd454,V-1007,2025-10-02T15:23:32,On_Time
a4305ed7-f0c3-4818-b77c-eb4a80e356a0,V-1007,2025-10-16T16:39:16,On_Time
3bc83f17-df3f-45d1-a3b9-47114174bcb5,V-1007,2025-10-17T14:47:39,On_Time
ec34c371-80f0-4b52-a23e-d5d3a07a685d,V-1007,2025-10-02T13:44:29,On_Time
52eecd69-c33e-4405-a0f8-9d8669f97d3f,V-1007,2025-10-14T05:54:25,On_Time
e20941b1-3727-475e-bd35-d313d977bf28,V-1007,2025-10-03T17:45:36,On_Time
a071c76d-a897-4b99-8570-d22516d74905,V-1007,2025-10-22T03:32:31,Compliant
43205567-1c3b-429b-8b28-b7caa63ac5ba,V-1007,2025-10-30T11:55:07,On_Time
43b01089-07e1-4f53-ba85-4c65123459c1,V-1007,2025-10-20T16:25:20,Compliant
69472080-368e-4856-8de1-eafb0bf88007,V-1007,2025-10-09T05:52:09,On_Time
642e8d58-5366-4081-b386-ee65f3af4370,V-1007,2025-10-14T18:51:13,Compliant
6b8c6ccd-8957-4794-bde4-7d26e620a12a,V-1007,2025-10-14T08:55:04,On_Time
ce9a66b5-40af-4ed4-94f1-eff23a8213d0,V-1007,2025-10-20T01:20:45,Compliant
2f494be8-524a-473d-a75f-8669efacd837,V-1007,2025-10-13T04:16:00,Compliant
9775163d-0662-4f02-a03c-6ea7827fc6bf,V-1007,2025-10-11T18:39:51,On_Time
4500be1d-3a1b-4e01-b7b8-e0530b518c13,V-1008,2025-10-03T13:22:22,On_Time
658271f0-99c1-44a8-b4a0-327b894e9afe,V-1008,2025-10-17T02:21:38,On_Time
bea3ff26-aba0-4dd4-905d-03bfa64351c8,V-1008,2025-10-08T01:56:06,On_Time
f5f45171-bada-4cb1-930e-c76106da2f32,V-1008,2025-10-12T17:48:22,On_Time
a1d7da9d-7a6c-47e8-8979-0521a042724b,V-1008,2025-10-27T00:05:09,On_Time
7cce5470-2dcd-484e-b229-90f2422f5b1a,V-1008,2025-10-15T05:46:38,On_Time
7ad60664-039f-4014-b0a6-7958d1e1df63,V-1008,2025-10-10T12:30:48,On_Time
4f2e8182-f11b-494e-8c64-69cf47dcd3e2,V-1008,2025-10-18T00:08:42,On_Time
5955f8f0-9a40-4e23-9189-249b2fb70d7b,V-1008,2025-10-29T06:10:05,Compliant
0c655971-8e94-4b6f-8be5-aaf2056f7bbf,V-1008,2025-10-28T04:02:20,Compliant
87888a61-5166-40e8-ad97-fc351d943efc,V-1008,2025-10-27T11:26:39,On_Time
d0fec736-6faf-40fe-8c89-205993d83dc2,V-1008,2025-10-08T20:24:01,Compliant
f8bdf0bd-777a-4246-b5c2-0a20a6722cf2,V-1008,2025-10-12T02:32:23,Compliant
e2f10a77-b959-482f-bdd6-939263bf0f8f,V-1008,2025-10-16T23:53:33,Compliant
a2a44c54-5847-4ec4-826d-e1ace3a58c40,V-1008,2025-10-13T16:20:55,Compliant
ccf7eb42-dae0-41bb-9391-63e3e2a7322f,V-1008,2025-10-02T16:30:09,Compliant
5dbe1da6-5ac6-4c53-86e3-74ad51786502,V-1008,2025-10-04T11:01:57,Compliant
d7277c64-5426-4e55-aed9-8d3fb065832d,V-1008,2025-10-28T09:12:38,On_Time
d1b4f181-b4bc-4609-8b3e-7b126a89f177,V-1008,2025-10-31T08:14:40,On_Time
d0d238e3-dc40-4657-8602-a0062a4133cf,V-1008,2025-10-30T16:51:26,Compliant
b8be4331-532c-4d4e-93a0-9dd74a1e44d2,V-1008,2025-10-13T20:12:02,Compliant
5fd62b4e-8833-4e43-8f9c-9ec2651a6c51,V-1008,2025-10-05T17:53:48,Compliant
99b406c9-6888-4959-96d9-6d69fdb1dfdd,V-1008,2025-10-20T07:41:09,On_Time
20d66a54-f70e-4ef4-9aaa-77a1d700edba,V-1008,2025-10-18T02:24:43,On_Time
0bf47cdb-804a-4a19-8fd1-9e5e903aab4a,V-1008,2025-10-15T21:36:41,On_Time
bc1e52f1-9572-45c8-b29c-c4eeb8bb3d0b,V-1008,2025-10-15T23:43:42,On_Time
61a5efc2-56e2-428c-916c-c616a8d8b71e,V-1008,2025-10-21T15:58:59,On_Time
34a755a0-10c6-44b8-bfea-68dd32664817,V-1008,2025-10-28T21:40:55,On_Time
90e22b56-bda5-4e34-b533-a047436c96e8,V-1008,2025-10-01T04:00:31,On_Time
0b853448-32bb-4a98-a020-d4b626cfda23,V-1008,2025-10-12T19:18:26,On_Time
22564696-4711-424e-a242-cd08466ad725,V-1008,2025-10-29T12:40:11,Compliant
ef683763-86fa-4884-9615-a7cc19c4475c,V-1008,2025-10-12T05:59:23,On_Time
7f7b9480-0d81-41c0-952b-9f321fcdfd28,V-1008,2025-10-03T18:15:26,On_Time
b658d4a1-b548-4bbb-8bda-df7f0c0cf0c9,V-1008,2025-10-21T22:59:23,On_Time
46dc9114-582a-45b2-a57d-95807bfb7fc9,V-1009,2025-10-26T13:56:24,On_Time
ecccc98e-25e8-4085-867f-c0a74434f3f3,V-1009,2025-10-20T14:19:40,Compliant
be6b574b-1b3d-4093-b2af-3a4ba847744e,V-1009,2025-10-20T17:34:56,Compliant
a7e23a81-0ac0-4478-bf85-5f0dc0740414,V-1009,2025-10-10T01:30:18,On_Time
8b77530f-06df-4ae0-8945-edbb5dfc9a8c,V-1009,2025-10-12T23:55:12,Compliant
10710e40-0b5a-4df9-b1a2-23ce9d97a699,V-1009,2025-10-19T07:36:23,On_Time
62264c42-abf9-4b43-ad6a-b5980c7dd7f6,V-1009,2025-10-17T16:00:34,Compliant
d7764a4a-854a-44b5-b210-134d604b7314,V-1009,2025-10-12T20:52:14,Compliant
0617641c-da7d-482a-a0dd-3e8a80dadd5c,V-1009,2025-10-16T22:15:54,On_Time
eeecbc5b-e7c6-46c5-a757-587c91945292,V-1009,2025-10-04T19:22:58,Compliant
db798f58-0cd2-4ea6-a51e-612eb1323692,V-1009,2025-10-25T20:45:03,Compliant
b8e94c14-7833-44ce-99fb-1d445add2f49,V-1009,2025-10-08T21:27:56,On_Time
126f2041-1a0b-4431-9722-7203cc122a8f,V-1009,2025-10-28T09:32:45,Compliant
c8f5a1c2-4bb5-450c-acaf-0c9656e9131e,V-1009,2025-10-10T03:04:33,On_Time
7a9c1710-0161-41c4-8b48-83018257ed25,V-1009,2025-10-09T14:13:11,On_Time
ba03d39f-51a6-4379-ba41-61a72737d2c4,V-1009,2025-10-23T09:06:04,Compliant
181037f5-d9fe-450c-9d33-de4080cac299,V-1009,2025-10-09T05:46:08,Compliant
dd9c198c-38e9-4e9d-9e74-cc6a51754520,V-1009,2025-10-05T14:57:46,Compliant
2af9bdc6-061b-4a17-b191-b0ef7dfe49d4,V-1009,2025-10-28T19:21:07,Compliant
addcfd8d-e215-4875-af37-1f32686eee56,V-1009,2025-10-20T00:24:54,On_Time
d83f99ae-3dd7-49f3-bcd1-c73b998430b4,V-1009,2025-10-12T15:09:27,Compliant
0da53667-5228-4b2e-9120-f8d934dc742f,V-1009,2025-10-02T06:08:07,On_Time
5b3e987b-31ab-451c-ba45-7c6bef7de6ab,V-1009,2025-10-13T00:11:08,Compliant
f2b981dd-3d23-40af-bad3-7657977fea64,V-1009,2025-10-10T13:07:24,Compliant
018a30d9-74ae-4c4d-99aa-da0ef6ca410e,V-1009,2025-10-10T05:56:57,On_Time
60f02810-7559-4568-8fd6-39829ef6e2fd,V-1009,2025-10-14T05:47:02,On_Time
587fd02c-c39c-4ab5-9d70-36d3bc276128,V-1009,2025-10-23T05:02:57,On_Time
845e4b71-9d3d-478c-ade5-e8e5dd184bfb,V-1010,2025-10-03T21:15:08,On_Time
471a6f23-6825-4e7c-a1c2-030f4d18934b,V-1010,2025-10-03T02:42:59,On_Time
b10a7bd3-b0d9-4ad1-bcdb-420de2d495f4,V-1010,2025-10-03T21:43:31,On_Time
42cbb066-a444-4570-ad4b-df7b3c58280b,V-1010,2025-10-15T04:14:19,Compliant
11ff22bc-2e5c-49d8-b5f1-a957dfad1108,V-1010,2025-10-10T18:54:02,Compliant
9858a309-e4be-4fa9-8045-11b62aab929c,V-1010,2025-10-05T15:59:44,On_Time
e82ccc9d-83b7-49b2-830e-c90df767aebf,V-1010,2025-10-15T16:25:22,On_Time
e659b150-b480-4026-a495-72b6fa62d313,V-1010,2025-10-22T14:05:40,Compliant
cfaeab0c-ef70-441f-bdc4-4ff8bd0fdfc9,V-1010,2025-10-16T09:07:51,Compliant
a73f9b65-e35b-4e20-9255-30a1f983da9d,V-1010,2025-10-10T02:01:37,On_Time
d0f1c0c9-4c51-4e35-9f8f-e6d1a81cdb26,V-1010,2025-10-13T18:16:10,On_Time
ea8c4bc8-daeb-47e3-b8e6-b1246aab5f92,V-1010,2025-10-22T23:30:15,On_Time
0cd86bcb-9112-41ac-82f5-f156be279a34,V-1010,2025-10-26T04:59:23,On_Time
965bc11f-4844-4cb0-91bc-a98636f9e915,V-1011,2025-10-24T15:36:42,Compliant
6cf2ef5f-fde4-49d1-96f0-b2457ca4035f,V-1011,2025-10-08T02:22:28,On_Time
bffa83b4-294f-417b-a071-1c0296aa1726,V-1011,2025-10-18T15:02:45,On_Time
6bd9311f-53f5-493f-8fe6-6f43b0a8ead3,V-1011,2025-10-13T12:24:03,On_Time
b918e1bc-1362-4172-8797-61380fd8518d,V-1011,2025-10-10T11:33:55,On_Time
8e0b9398-7547-4844-a064-fdc5418bf14d,V-1011,2025-10-10T08:58:19,On_Time
c781c511-e96c-4c11-a556-04499fe358a4,V-1011,2025-10-22T16:01:55,Compliant
455f4915-104a-4c74-9d78-038fe9de9abe,V-1011,2025-10-26T21:59:55,Compliant
8f07a366-d610-4405-931e-5a222c1dc6c0,V-1011,2025-10-03T04:26:57,Compliant
8fb07398-e1ae-4a15-a802-a40c7f95ac09,V-1011,2025-10-04T16:27:53,Compliant
567610bb-0325-4d4a-9670-ed136b75f7cc,V-1011,2025-10-22T00:05:06,On_Time
b751ab3e-a6dd-4d52-b82b-b7f50faa4ed9,V-1011,2025-10-18T14:54:51,On_Time
cb27604f-9c1b-4d0c-8616-b874c2a2260a,V-1011,2025-10-20T12:54:43,Compliant
69f1a3fe-bdc9-4196-8689-6531006757ce,V-1011,2025-10-08T01:58:14,On_Time
528c8748-1278-47fe-b08e-503132d7f96e,V-1011,2025-10-12T20:21:02,On_Time
5d1cc708-70d5-473f-9fa7-4d190a786f85,V-1011,2025-10-31T08:46:46,Compliant
d65312a0-da00-4ea4-b2f1-4c8d2782fcb6,V-1012,2025-10-13T04:54:33,On_Time
3e919b10-a35f-42c5-b771-f97d46966ca0,V-1012,2025-10-23T09:45:49,On_Time
0d7686e9-d233-4278-9100-e07f4daf6902,V-1012,2025-10-05T04:37:08,Compliant
e2a090cf-1e29-4f68-a371-fa3af65eb44d,V-1012,2025-10-28T10:37:45,Compliant
0d43935c-88cf-4705-8607-50694a42314a,V-1012,2025-10-28T17:34:30,Compliant
b2de3ef5-3c1c-4a45-91de-63810edca154,V-1012,2025-10-22T12:45:11,On_Time
08d8715c-ec76-40b2-ad22-22dd9c8e3c09,V-1012,2025-10-18T01:01:33,On_Time
9887c031-f4b0-47e6-acbb-669686c96801,V-1012,2025-10-22T10:05:27,Compliant
d64d5ab0-a992-40e6-9784-862c9aad359d,V-1012,2025-10-04T15:30:15,Compliant
0b56e5f6-3722-42d7-9f6b-c48103a397cb,V-1012,2025-10-28T07:20:06,On_Time
35b2b181-9e1b-4b50-aa03-480960c7cd70,V-1012,2025-10-21T05:12:32,On_Time
429b908c-1519-4a52-96d6-fbe226cea0c1,V-1012,2025-10-21T12:42:37,On_Time
f043da54-4ef2-4b1d-b21b-0476074cfbfa,V-1012,2025-10-27T05:59:47,On_Time
a3af375b-24aa-439d-b766-5bab480ceaa8,V-1012,2025-10-16T22:20:27,On_Time
1ccc635d-deab-435e-a059-c62721a3b356,V-1012,2025-10-03T00:55:30,On_Time
2c711218-1cc5-4b1e-a7a0-6e89591eeb1d,V-1012,2025-10-01T00:50:07,On_Time
5421fb25-558d-4000-afb3-9077036344c5,V-1012,2025-10-18T05:14:06,Compliant
bd35dc30-d73f-42c2-9e62-846c648b8abb,V-1012,2025-10-24T03:12:58,Compliant
78af4fe2-55e2-4e33-bec6-e9f446d69f79,V-1012,2025-10-05T22:12:32,On_Time
844faa5e-7679-4a98-a489-ecf6b2529f0e,V-1012,2025-10-01T15:15:01,On_Time
9a1556c3-686e-4645-b8db-4f1767a6d1ae,V-1012,2025-10-22T12:28:11,Compliant
e487ef30-f3a5-4261-9bf7-3af5a5efef15,V-1012,2025-10-03T03:09:04,On_Time
a24db002-a378-4af3-8f3c-57f5a19dee47,V-1013,2025-10-16T11:40:57,Compliant
e2293b41-a1ca-44d3-8e30-f886b1ff2a04,V-1013,2025-10-27T21:41:20,On_Time
cab86f81-e754-49ae-a7bb-076937a3855b,V-1013,2025-10-26T10:47:05,Compliant
818d7082-ca43-4128-a520-aaa2aab2d6a5,V-1013,2025-10-04T12:20:31,Compliant
2ce3de43-022e-4ae9-977e-c98c20e496a8,V-1013,2025-10-19T18:29:52,On_Time
1020dc10-adef-49e9-afd7-b32d3d5a2e80,V-1013,2025-10-04T12:30:33,Compliant
1adada90-db8e-4894-8139-fef5eeca81b8,V-1013,2025-10-21T06:57:33,On_Time
1c5fb129-29d7-4da9-a503-5c14c94af889,V-1013,2025-10-14T15:05:03,On_Time
e4d33f2b-315d-49f3-8837-676cec66dfce,V-1013,2025-10-30T17:20:00,Compliant
26dfe2ba-4852-4b67-9e22-b15a1e27968d,V-1013,2025-10-23T15:55:21,On_Time
59936981-de70-42cc-9476-70ca94e8a2e1,V-1013,2025-10-14T00:31:05,On_Time
1cae7a49-9e8d-4690-ac83-0ddccdf1eb4b,V-1013,2025-10-03T04:29:11,On_Time
6b592164-49fb-45b8-adc5-3b8457a316bc,V-1014,2025-10-28T15:42:01,On_Time
a4509f00-4850-4dbf-856a-14dc66792da9,V-1014,2025-10-20T00:48:59,On_Time
1bd92656-c9e6-4cd8-b6bc-e80a7811e42b,V-1014,2025-10-01T14:43:14,On_Time
88a5e1a0-3e05-4eac-928e-4dd3a42fde81,V-1014,2025-10-22T23:00:24,Compliant
d267c62e-1682-4bdd-8167-fbb11c4b03c5,V-1014,2025-10-06T14:55:42,Compliant
b6ff4b28-417d-404b-9031-58ce0a13c47b,V-1014,2025-10-04T01:54:24,Compliant
4c5c8b62-b99d-413b-a322-e4cf83b46551,V-1014,2025-10-30T19:50:43,Compliant
e0ec7d75-24e4-46f5-bb6f-5c48f695509b,V-1014,2025-10-04T10:29:42,Compliant
e36e1616-e0f3-4440-bacf-5d932eb6fe47,V-1014,2025-10-05T09:01:27,On_Time
f1a194da-f27b-4a18-a3d2-5e28b6292e6f,V-1014,2025-10-17T17:16:42,Compliant
fe90d8f4-b34f-4839-8c43-fc33f823b5fc,V-1014,2025-10-19T08:34:28,On_Time
b6e9f214-e7be-458f-9e20-ae310b268af7,V-1014,2025-10-15T16:18:40,Compliant
f3ebe7e6-6dc8-4cf7-a658-c425adae0b75,V-1015,2025-10-13T07:16:49,On_Time
c5048283-33e4-4693-b881-89253e80486b,V-1015,2025-10-30T10:31:56,Compliant
8658f360-a965-43eb-8cb9-5c4ed4d7034a,V-1015,2025-10-23T10:53:58,Compliant
73bf0b2f-8127-4144-a7c9-efb235e023b8,V-1015,2025-10-28T07:04:11,Compliant
6bb6346a-5a4a-42c3-a02b-f330c35a6361,V-1015,2025-10-20T12:57:58,On_Time
67e14553-a1b5-4d62-b307-98fc5750047d,V-1015,2025-10-02T11:42:25,Compliant
d429ec36-b1fa-4688-91dd-ddf2d9b439ad,V-1015,2025-10-07T18:08:13,On_Time
8ac7c724-60cd-4da8-b5b1-be8526fa4496,V-1015,2025-10-08T18:58:37,Compliant
7366f4d5-f735-4071-8d0a-290f6ade8b29,V-1015,2025-10-06T07:12:17,Compliant
fcb37207-62e5-4033-9f4b-938aef45ebdc,V-1015,2025-10-03T15:48:00,Compliant
faee0054-67f5-4e53-b04f-a805d5889434,V-1015,2025-10-29T15:36:08,On_Time
88d86db0-b169-4469-a19a-82b6ede4cca6,V-1015,2025-10-12T00:20:22,On_Time
37171a76-5e73-4333-8b6c-51dadeb15dfc,V-1015,2025-10-24T14:28:09,Compliant
c93b19d2-dad7-456b-80f2-232aecd01a55,V-1015,2025-10-02T17:27:25,On_Time
232abe9a-1ad0-490f-b45b-6f7f7bc223d0,V-1015,2025-10-26T06:29:39,On_Time
cf5690bc-1201-4cce-893a-c3ba8964e535,V-1016,2025-10-11T13:18:18,Compliant
4b0a0407-5554-42e0-b4c9-44cbed50ba99,V-1016,2025-10-07T09:49:31,On_Time
6c7fb44e-7ae6-4337-acad-d714caa355b1,V-1016,2025-10-08T20:52:25,On_Time
95e042f1-d7e7-4ff9-96e0-407f86afb02b,V-1016,2025-10-17T18:28:30,Compliant
10ddef97-85f2-4a64-9310-a723f348343e,V-1016,2025-10-06T14:59:59,Compliant
b55663bc-e29e-4b03-bc4b-3133e9686bff,V-1016,2025-10-17T07:08:59,On_Time
c623c4c9-0a0f-4633-8621-3700ae24b39a,V-1016,2025-10-04T17:38:24,On_Time
7593bc09-2163-42c1-a142-d1040f94a55c,V-1016,2025-10-10T23:41:36,On_Time
645791a2-70ee-4b23-b9d7-2874c2b0debb,V-1016,2025-10-25T22:49:02,Compliant
714194c1-9b70-4229-b71f-e979a3532c67,V-1016,2025-10-22T18:50:51,Compliant
9003adc1-fcc5-44a8-9071-fba64df03944,V-1016,2025-10-06T14:55:05,On_Time
a408ea7a-0e78-4a96-ab12-0eb65a065b2f,V-1016,2025-10-04T00:21:29,Compliant
a285cea1-f893-497f-91aa-792ed4a12f97,V-1016,2025-10-23T04:38:11,On_Time
7293ef84-846e-4fdd-9538-8bc05efb74c7,V-1016,2025-10-10T05:59:53,On_Time
6691b306-8b87-45ab-9dc5-dd86bb4ef4ec,V-1016,2025-10-21T19:16:52,On_Time
94cf2c33-616b-4373-b0d9-218820dd42ea,V-1016,2025-10-27T08:25:47,On_Time
018342a0-46e3-4723-937a-ed60742ed598,V-1016,2025-10-27T11:56:58,Compliant
5b5f21c8-89cb-40d4-8b74-5173c5876f98,V-1017,2025-10-13T00:10:49,Compliant
b4003788-42cb-4cf3-a16d-19a00827373c,V-1017,2025-10-16T01:14:09,Compliant
e4ca2f60-d0a6-45fc-8c82-270b43beaa3b,V-1017,2025-10-29T05:36:29,Compliant
26976028-a9c4-4aa0-aa5f-6b5ea6d846be,V-1017,2025-10-15T16:25:20,Compliant
2fcf14a5-0d98-433d-b285-8d6611ec741d,V-1017,2025-10-13T07:25:31,On_Time
fc96a754-6d8c-498f-af1e-a14e3c639230,V-1017,2025-10-08T11:48:30,On_Time
dd42388d-e895-43d7-b008-b45dc4e20f1e,V-1017,2025-10-15T02:53:07,On_Time
c5bb201c-8e3e-456c-aef7-10daedb23503,V-1017,2025-10-19T08:53:49,On_Time
b7999d2b-82de-45b5-8d03-a15eef77a691,V-1017,2025-10-28T02:15:40,Compliant
6eb7c33a-b429-4b8b-a92b-914d4bd1eddb,V-1017,2025-10-03T19:44:07,Compliant
4e7a2a43-b7af-467f-abad-ffc3123b1a33,V-1017,2025-10-19T01:09:21,Compliant
789162d8-7f4c-4700-86bd-fc47987fc13a,V-1017,2025-10-12T11:52:10,On_Time
96c15453-9f36-430b-a8d2-ae65541740af,V-1017,2025-10-23T00:37:30,On_Time
24f9a075-1de7-4f75-8102-d7a3a115c84b,V-1017,2025-10-11T19:31:50,Compliant
f64e20a6-f6f3-4565-b4c2-c489fde294eb,V-1017,2025-10-14T07:25:00,On_Time
ec5be764-b6f2-46d6-acbe-4ff7a496e6eb,V-1017,2025-10-30T04:16:41,On_Time
71eb08e3-1090-45c9-b9de-d4ebb52cac84,V-1017,2025-10-14T07:27:21,Compliant
2fb4ef7a-f2bd-4572-965d-ebbbc3f8c3b0,V-1018,2025-10-31T13:25:18,On_Time
5032bd47-722e-4945-b455-94d861d6f3cc,V-1018,2025-10-21T19:55:03,Compliant
3942a5be-ec00-4e11-8a26-06e27335efb5,V-1018,2025-10-20T02:08:37,On_Time
fafda928-5dd4-483e-a7cf-46f692c4050f,V-1018,2025-10-04T13:08:01,On_Time
1afa7726-0ab9-4214-b3ba-80f6f95fc25c,V-1018,2025-10-30T12:27:29,On_Time
f27aef8b-c052-42ad-8dfb-29030f23cbf2,V-1018,2025-10-24T16:26:05,On_Time
1b0d3d76-7f37-49d4-a6da-4ef9941cdf1c,V-1018,2025-10-16T09:08:59,On_Time
6fd572d0-8889-44e0-b797-9a274087fa5c,V-1018,2025-10-21T01:31:22,Compliant
4165a928-7185-4214-9c04-594245e1e008,V-1018,2025-10-21T11:26:50,On_Time
d4837efc-67b3-4551-b48a-a10f448d8e34,V-1018,2025-10-19T12:19:06,Compliant
17658a43-8797-4e65-b618-783ba06f29ef,V-1018,2025-10-11T16:22:10,On_Time
e58c4a95-7563-4d1b-8bf7-03374330969b,V-1018,2025-10-11T03:55:51,Compliant
c08e76bb-e9a9-4bb6-94e0-66a612ca9020,V-1018,2025-10-23T09:17:54,On_Time
a170f25a-3b3f-469b-b9cf-2a3e2648f414,V-1018,2025-10-31T00:53:15,On_Time
7b5d2884-c209-4174-a0f4-a1080272565b,V-1018,2025-10-30T13:04:03,On_Time
0e82dc2c-1dda-4d73-8b04-ec5150cd80cf,V-1018,2025-10-29T06:47:32,Compliant
5f21fd40-75d7-49f2-9f1e-458d5fde9a9d,V-1018,2025-10-02T12:08:27,Compliant
aba18608-7da1-44ce-a579-501b9df09a95,V-1018,2025-10-09T12:50:31,On_Time
41ef9bd8-3487-47b4-9e96-a67ca2abe5ee,V-1018,2025-10-25T03:14:22,On_Time
d66392b5-a6af-4c8d-b031-a5a7582d9c42,V-1018,2025-10-01T14:45:01,On_Time
cccbd158-577f-4544-bf71-8347498e520b,V-1018,2025-10-22T07:13:23,On_Time
ced0a9ac-4e04-4b72-92a5-4cd11087296c,V-1018,2025-10-15T14:38:44,On_Time
5771d302-02e4-44b5-b270-6a892c746a0b,V-1018,2025-10-23T14:55:32,Compliant
97cbb4b6-5bcd-4404-b8a9-be6db569e339,V-1018,2025-10-01T04:09:31,On_Time
9fb84632-342a-4e67-a342-ab20d85abe27,V-1019,2025-10-30T00:49:36,Compliant
f2758e11-e68c-4289-97d2-bf2ce13e1c12,V-1019,2025-10-13T08:57:40,On_Time
41af92ab-cda2-4467-98a3-1f8783fde9c7,V-1019,2025-10-04T00:49:15,On_Time
010f939d-4a47-42cd-a6fb-c2da8cd9bdfe,V-1019,2025-10-08T11:02:55,Compliant
7b37b8b4-3c34-4db0-9b5a-fd779a6b6880,V-1019,2025-10-09T15:12:50,On_Time
7eea75f2-f301-4bba-acd7-d7dde6c79e87,V-1019,2025-10-02T15:49:47,On_Time
901de375-5ccd-4957-a487-9da082665fdd,V-1019,2025-10-02T00:01:14,On_Time
afcdc9c2-20fb-470e-9608-aac746d71029,V-1019,2025-10-16T02:14:29,On_Time
4025dd8b-0f2b-4f3b-8884-74950fd5d7ea,V-1019,2025-10-19T23:54:58,On_Time
61ed6e3f-465f-4331-b31f-aade5acdd88a,V-1019,2025-10-19T05:26:44,On_Time
86396d72-2744-408a-af6a-b84d8f87cecb,V-1019,2025-10-02T11:32:21,On_Time
6aa6ba66-80b0-414a-9d97-5e84c0aa0a00,V-1019,2025-10-24T02:59:05,On_Time
4c545bf6-686c-4b48-83fd-17266b2d8a4c,V-1019,2025-10-05T05:26:05,On_Time
b4180a56-148c-4fa1-a941-7f328c7157ce,V-1019,2025-10-31T21:13:37,Compliant
8b0c3a2a-97b0-4b32-bd98-9b874534a6b1,V-1019,2025-10-03T04:54:48,On_Time
de18da9d-899f-458d-94fb-2e824081815c,V-1019,2025-10-21T08:15:06,On_Time
2280d747-f425-4fc9-bd99-6d84bfb96d10,V-1019,2025-10-20T10:03:40,Compliant
07a5a6a7-efc4-4d28-8e78-6987aea4c6ad,V-1020,2025-10-03T16:14:39,Compliant
719ec79b-de47-4c7c-b95a-22fc264fc40c,V-1020,2025-10-06T17:41:56,On_Time
d04fd4cc-769d-4796-993c-3bd32b281e3f,V-1020,2025-10-29T01:06:07,On_Time
2efe6688-5d07-42b5-83f3-7f058d3f9887,V-1020,2025-10-29T01:00:16,On_Time
8be33d4c-d976-4e09-bfa4-3d0ce4770322,V-1020,2025-10-29T06:02:25,On_Time
72da5aa4-80d8-457e-b1dd-99c92013ae42,V-1020,2025-10-24T07:02:08,Compliant
71d9c877-00ac-434b-8a38-4b4c83b899e7,V-1020,2025-10-18T17:35:08,On_Time
8b34709a-9cb4-499f-b7d8-35d7f89c6731,V-1020,2025-10-02T13:32:07,Compliant
4a34c942-f2db-4109-bea6-19407ff6e794,V-1020,2025-10-02T14:01:49,On_Time
6fdf50eb-2d9c-46c4-8bcc-3469c1c610a4,V-1020,2025-10-04T02:07:26,Compliant
157b7f3b-51f9-4030-8cb5-08697a6045b3,V-1020,2025-10-04T04:21:38,On_Time
49250feb-7377-400f-a8cb-10305b57db28,V-1020,2025-10-10T18:30:43,On_Time
6c9b74ad-7492-420d-b9ef-8204e1068499,V-1020,2025-10-12T04:32:12,On_Time
e992f959-f28b-44bd-be11-e8079d2cc2b6,V-1020,2025-10-05T04:58:44,On_Time
fc2a720f-4ea7-4ebb-9839-5e39aa578b14,V-1020,2025-10-25T08:56:38,On_Time
8d99fbdb-590a-4b11-8742-589c7db2ccd9,V-1020,2025-10-30T20:18:05,On_Time
8f19e836-5589-4ec9-944e-f724163d902b,V-1020,2025-10-31T13:35:44,Compliant
88443694-303b-40cb-b524-4b9a38c53dc6,V-1021,2025-10-22T19:12:38,Compliant
66a42127-50b1-4ac6-8880-0cf374da6ecf,V-1021,2025-10-20T15:27:02,On_Time
68237dbe-1898-428d-b060-8acb2a4927f0,V-1021,2025-10-12T16:06:41,Compliant
6b84af4e-0dc7-47d9-b9b0-54323dc2d873,V-1021,2025-10-13T15:39:10,Compliant
11db236a-6143-4711-84a3-c743d949e737,V-1021,2025-10-07T11:17:38,Compliant
bdef0ed0-80db-4a25-97f5-c41e8baadb77,V-1021,2025-10-31T14:02:07,On_Time
6fbdfac0-29ce-4abf-bdfd-7350f44db865,V-1021,2025-10-12T06:50:02,On_Time
165365ef-8edd-438f-a4a9-3f96731f2753,V-1021,2025-10-20T04:35:11,On_Time
cbe0eedc-61db-4e6e-923d-88669a219827,V-1021,2025-10-01T18:06:32,On_Time
1c392078-0419-476d-9bf1-70e6d2fdaf74,V-1021,2025-10-16T18:26:34,On_Time
dc82ab45-fcac-4a61-bf61-cf21bf1ed0fd,V-1021,2025-10-26T23:39:20,Compliant
17a1f8f9-134c-4fbf-af0d-970a0f96c0df,V-1022,2025-10-09T06:45:54,Compliant
ec9ec245-d3f7-4419-843c-992965a9d92e,V-1022,2025-10-29T09:15:16,Compliant
fa98005b-ae2c-42e7-b168-295e9d51a884,V-1022,2025-10-31T04:47:00,On_Time
84f89d9c-f47e-4bbb-ae09-538f4cc42d7f,V-1022,2025-10-31T19:01:08,Compliant
2dc1e774-f271-42ed-812a-6b5675a61713,V-1022,2025-10-01T07:06:02,On_Time
ecd54a53-cd16-429e-a725-e441dd7fae5a,V-1022,2025-10-01T05:01:55,On_Time
42cf5442-3239-460b-8f70-3c4721ded2e1,V-1022,2025-10-13T01:10:31,On_Time
44837864-621b-4039-90b0-9d0ddf71331b,V-1022,2025-10-02T14:36:40,On_Time
346153bc-674e-431f-857d-ff55f457b28e,V-1022,2025-10-18T21:51:36,On_Time
b9f538b9-4741-414e-8881-2545b30e15e9,V-1022,2025-10-14T17:18:48,On_Time
85027a0b-6a1f-4296-ac6f-7eb162de33d5,V-1022,2025-10-30T22:05:14,Compliant
9ac26070-c64e-4b1a-834e-f86538c8881f,V-1022,2025-10-18T12:37:34,Compliant
c3e32a54-54bb-41ad-b483-e689a20ccb79,V-1022,2025-10-12T07:48:34,On_Time
29095187-fe43-4eb8-9ccb-96b85f194397,V-1022,2025-10-18T02:30:16,On_Time
8757fa32-327b-4c56-ba5a-b28dffb83844,V-1022,2025-10-08T11:01:44,On_Time
5a6c76a5-fc01-4c20-bdc8-95acbe635be3,V-1023,2025-10-26T15:20:16,Compliant
60966758-9c29-4bb3-9baa-d4cce2011aea,V-1023,2025-10-03T15:35:18,On_Time
fe5b8812-4d5c-4e6d-b0c7-f3eb1397e47c,V-1023,2025-10-21T10:40:38,On_Time
fdac6174-04ad-4374-bca8-cd33fca859e6,V-1023,2025-10-01T01:41:05,On_Time
9d5292d1-3490-4bcc-8a90-29863c7458b2,V-1023,2025-10-06T03:38:28,On_Time
01cae747-d632-4a7d-a244-d78f7c1ca830,V-1023,2025-10-10T11:07:04,On_Time
648ceca1-2d97-4619-9a55-661b7fd30cbf,V-1023,2025-10-17T07:51:00,On_Time
e6818791-e774-44d0-89da-bba6dc1f901a,V-1023,2025-10-03T04:12:49,Compliant
8adaa9b5-0541-4cec-9ae0-1fd829c2af56,V-1023,2025-10-30T12:09:21,Compliant
eadb2c15-74d4-4b98-b180-177848b5b545,V-1023,2025-10-05T08:36:59,On_Time
adb0009a-7b85-43ad-a7a3-3b8eec36fc99,V-1023,2025-10-04T21:29:35,On_Time
a97e26a2-3326-4585-83e1-5cf0cb17c163,V-1023,2025-10-24T13:15:54,Compliant
8d94f508-adf2-4dd1-8c10-f1229425bfe4,V-1023,2025-10-01T16:20:06,On_Time
f5dfbc76-f76b-4baf-ba28-38848d462e1b,V-1023,2025-10-02T00:21:06,Compliant
670c4816-1eca-4279-a8da-3ef3407dc7dd,V-1023,2025-10-06T00:35:38,Compliant
1b37ffb9-e187-411c-84d5-850eb55aa8b9,V-1024,2025-10-17T06:16:02,On_Time
1c14814d-d9e9-4c19-8eef-48d63ef11df0,V-1024,2025-10-28T09:58:52,On_Time
0fa18739-80d4-4bb5-8a05-8a861600afc2,V-1024,2025-10-18T08:31:30,Compliant
33e007df-156b-4f03-b016-2de254fb5c4e,V-1024,2025-10-16T09:56:58,On_Time
45372be2-117a-4eba-aa3b-a031036b10b3,V-1024,2025-10-16T14:20:59,On_Time
f6c83e71-41a1-4a9a-b165-17530a74495f,V-1024,2025-10-12T16:14:14,On_Time
6241d671-d2f7-4e9a-bc5c-30fd76b8ec77,V-1024,2025-10-26T09:25:58,Compliant
c5dc44b7-5b26-4394-b1f9-47c520ffdb83,V-1024,2025-10-04T11:35:19,Compliant
25e67a9e-5fa9-4f0b-8745-57f69de9e762,V-1024,2025-10-03T17:58:31,Compliant
33aad226-b5c8-484c-bcd6-0bf9746f17e1,V-1024,2025-10-23T03:40:05,On_Time
8b588548-dd9d-4c21-a6e2-6eb63959b884,V-1024,2025-10-17T03:24:00,On_Time
24de93f5-278b-4819-99c7-20ed8ec754c8,V-1024,2025-10-05T12:58:49,Compliant
0db7bd79-aa21-4fe8-9c06-d13785bd0a7f,V-1024,2025-10-07T15:51:42,On_Time
86930f8a-47c4-4cd3-8c3d-f6f795fd0c26,V-1024,2025-10-01T13:33:20,Compliant
59e41d59-9cfa-48ae-bd9a-64ccc997ff26,V-1024,2025-10-01T14:43:22,Compliant
b4254b34-4c29-458f-a21c-6a3c34e4a8dd,V-1024,2025-10-06T03:55:33,Compliant
e40c03cb-1e66-4fd3-bb58-251f610f175c,V-1024,2025-10-20T13:39:32,Compliant
3596663c-77bf-4191-9200-f740bc8dabf6,V-1024,2025-10-22T04:25:00,On_Time
d43f47c9-b466-4333-bce9-a9ef28e377a7,V-1024,2025-10-02T01:09:33,Compliant
a52e1879-d844-42de-8ed6-9b9dc8da7c1a,V-1025,2025-10-13T02:36:30,Compliant
bf9b20e1-9cf2-4c22-882e-41b5288b8826,V-1025,2025-10-17T19:12:08,Compliant
43e48923-b11c-4436-b333-f1a924fc945a,V-1025,2025-10-16T09:48:09,Compliant
28fe959b-d8e6-47e0-bb50-b432f99bb061,V-1025,2025-10-15T01:30:37,Compliant
178153e5-0b94-4b0a-82fd-87828566460f,V-1025,2025-10-11T18:35:24,On_Time
9a7f7960-b41a-45bc-8962-83e88200a727,V-1025,2025-10-30T12:48:59,Compliant
dc65f23e-4b1d-4122-844a-7c639d30bf85,V-1025,2025-10-10T11:16:49,Compliant
685f30dc-9258-4909-9b69-9928b018d703,V-1025,2025-10-01T22:46:59,Compliant
db5acc51-a316-442f-b2c9-640374be2161,V-1025,2025-10-08T02:31:50,On_Time
59980127-0a43-479d-b975-ee306aa1e87b,V-1025,2025-10-15T07:35:07,On_Time
ae113d50-86d2-4855-98dc-364d58e1b5b5,V-1025,2025-10-11T10:34:00,On_Time
38e642c3-309e-4e9b-bdd2-be5f6e7d38fc,V-1025,2025-10-22T14:12:07,On_Time
9da666dc-333f-4e65-9e32-39043db1144a,V-1025,2025-10-06T11:54:52,Compliant
2e11cf5f-a93d-4dfb-a20e-b3ba59683be6,V-1025,2025-10-10T02:14:43,Compliant
4daa9048-ba6e-4980-9bd9-1d8a97600dd9,V-1025,2025-10-03T03:16:41,On_Time
39e9fa7f-451d-45cd-95a3-cadd304caf7c,V-1025,2025-10-20T22:53:49,On_Time
f105621e-06dc-4b93-ac69-6d050ed68bf9,V-1025,2025-10-21T11:38:11,On_Time
e5439797-1f08-4f07-aaac-14d7e05cb229,V-1025,2025-10-28T00:19:36,On_Time
01147a03-37d0-42dc-acfd-42a05300c051,V-1025,2025-10-15T14:01:47,On_Time
4cb53d39-5e8a-46be-a668-b0b4791da9fa,V-1025,2025-10-02T02:02:37,Compliant
c05fbc3e-4d76-438e-a73f-0d24a197f672,V-1026,2025-10-24T18:53:07,Compliant
84da19cd-4e2b-4c13-bbd8-1d28f1493e8d,V-1026,2025-10-31T15:16:53,Compliant
d0ccce9d-9c02-41a1-9269-d0a7340a9da0,V-1026,2025-10-08T16:32:17,Compliant
54c6e617-46cd-44de-a51c-998d6c1bddb9,V-1026,2025-10-23T12:26:32,Compliant
7a46923b-da0b-468d-8b13-1a7b166b95dd,V-1026,2025-10-13T05:35:30,Compliant
30451ae6-b922-469e-b521-b754281d6fc2,V-1026,2025-10-23T02:13:02,Compliant
a74fd4a7-2e5a-479a-87e1-1007d0eec3f6,V-1026,2025-10-23T08:41:18,On_Time
90e388f9-15e4-446b-94bc-68cd34bc2b9f,V-1026,2025-10-13T07:01:58,Compliant
71be27a7-2952-4a0a-bf1e-8fa0d25a3901,V-1026,2025-10-07T08:34:27,On_Time
3972ab07-8eee-4f34-acf7-7dcc3f1f4f6b,V-1026,2025-10-11T12:16:08,On_Time
acbfaefc-52ad-4ee8-8fac-ba0794a1e127,V-1026,2025-10-21T11:18:15,Compliant
2db0dd6b-3a36-4235-9a2d-ca23e497867c,V-1026,2025-10-27T12:07:00,Compliant
ca51c690-3ef8-4524-8489-9d3ef4cf61c4,V-1026,2025-10-21T18:57:32,On_Time
0b3255d9-946c-4be2-b20e-5f4f4e7329c0,V-1026,2025-10-28T19:36:41,On_Time
a682a4e2-1a83-4fb6-a605-3c694e6ab473,V-1026,2025-10-24T04:18:38,Compliant
80b9f1dc-d5f7-49ff-aa71-f0cb545b04ca,V-1026,2025-10-16T09:30:45,Compliant
5e8bb1ec-3622-4a6f-8690-9440401807a1,V-1026,2025-10-24T22:22:27,Compliant
94b03faf-b1ba-42a5-8474-956ff83a71b0,V-1026,2025-10-06T00:27:43,Compliant
d5d7fd16-6f3b-4bb7-a1b1-5f71a6554932,V-1026,2025-10-12T03:16:37,Compliant
da636919-0379-4b35-82e0-eaaa49ee0694,V-1026,2025-10-02T18:46:32,Compliant
896c8b9b-7c77-4f15-87bc-58173d348b7f,V-1027,2025-10-16T21:15:42,On_Time
bd481125-6e15-4dcf-992d-7f11ca355c7a,V-1027,2025-10-15T17:47:33,Compliant
8ca4c40b-834b-4af8-9997-5cc3b2a2b634,V-1027,2025-10-21T04:07:48,Compliant
7fc3af41-184d-409e-97aa-330b7fa558ff,V-1027,2025-10-19T20:46:24,On_Time
c3dcfe9c-bfc1-4711-91d3-4a6823b881d0,V-1027,2025-10-26T02:47:40,Compliant
85db5609-084e-4a1a-ba9c-bd277968952d,V-1027,2025-10-09T03:05:57,On_Time
85925a7d-777b-4335-95e5-5602be717100,V-1027,2025-10-01T02:49:38,Compliant
2b7023d1-6b10-485c-9b3a-ef525d06ab9a,V-1027,2025-10-09T06:54:14,On_Time
d0559cd8-4dfa-4cfe-a447-5a041105af98,V-1027,2025-10-30T14:48:48,On_Time
906e6f07-50f6-46c8-8523-612c3f2ac362,V-1027,2025-10-22T22:42:30,On_Time
4f893718-e033-4090-a1f8-3c3febf2d597,V-1027,2025-10-20T05:48:37,Compliant
976daccb-16ae-49a7-9dbc-d79a53fe4d1a,V-1027,2025-10-16T02:46:03,On_Time
b490a948-ea5b-4dd5-8267-d501d5c62c1c,V-1027,2025-10-18T05:52:03,Compliant
ec943dbc-0f50-47f5-a8d8-ee17463c794b,V-1028,2025-10-03T06:13:09,Compliant
06a60ef1-de18-43ca-a39b-9351be6c52a2,V-1028,2025-10-13T20:53:55,On_Time
1d7dce1d-5f24-4e21-9c5d-70f66ad25f99,V-1028,2025-10-12T00:21:08,On_Time
00bd1ec5-cfc7-46b1-a072-881697e60f3c,V-1028,2025-10-16T04:46:51,On_Time
d6dc39e2-adb8-4a94-bf16-7281cfdf0bd2,V-1028,2025-10-16T14:45:04,On_Time
02d7a352-c449-481b-b915-c8e27b7057f8,V-1028,2025-10-23T18:10:39,On_Time
3d59a4e1-ddfa-4cf0-b8e8-3149cc3ae2eb,V-1028,2025-10-16T18:50:59,On_Time
3b322bd6-6748-44ae-8825-675029f54772,V-1028,2025-10-28T02:42:35,On_Time
1c1c3cc0-2477-4e2a-b04b-7c028e2ad992,V-1028,2025-10-20T18:17:28,On_Time
35f87394-f348-4f64-a0f0-e54ab3e29793,V-1028,2025-10-06T19:51:02,Compliant
a4a09f85-54f7-49b0-b8b6-1559093b61f2,V-1028,2025-10-08T07:08:54,Compliant
87026bbc-e109-498b-9333-8863d903bc3d,V-1028,2025-10-29T09:02:32,Compliant
ac8536b9-1557-4325-9081-d8ea23c71a78,V-1028,2025-10-31T05:51:43,On_Time
af711b45-3303-4963-8715-f5e55bb7e573,V-1028,2025-10-13T00:52:46,On_Time
77a61318-eb40-454d-8805-8282bd74615d,V-1028,2025-10-26T03:08:27,On_Time
bbbcbb98-5fcb-492b-ae97-b7f2ce2155e5,V-1028,2025-10-21T18:27:43,On_Time
94925aec-9d7b-4f4c-ab37-397a46652b39,V-1028,2025-10-20T18:27:47,On_Time
19aaf74b-9c5e-471a-b562-cad5becf87ca,V-1028,2025-10-14T16:47:26,Compliant
9f84002f-6f99-4116-8fb1-95779486d6d8,V-1028,2025-10-30T04:35:43,On_Time
63ccfffd-3734-4316-9510-0426b9abc852,V-1028,2025-10-10T22:29:47,Compliant
d164fd70-8aeb-440e-9e12-5d6fce7de04d,V-1028,2025-10-30T12:19:10,On_Time
1a344afa-1c70-4707-a0d6-e2fe0f688a86,V-1028,2025-10-16T13:06:59,On_Time
783a2e62-f8a1-4efb-aa26-069f58495c69,V-1029,2025-10-27T18:58:05,On_Time
bac7580c-b905-4f3d-ba0f-88222ca43972,V-1029,2025-10-19T20:49:37,On_Time
cc6c461f-6fdb-4f2d-b142-3b62b6d52019,V-1029,2025-10-31T17:12:34,Compliant
6027492f-7b95-41a0-8f7c-42931a01c5e2,V-1029,2025-10-04T08:54:09,On_Time
de6b65e7-402d-4cb8-9382-c269df93a06c,V-1029,2025-10-17T00:52:44,Compliant
d20e769c-bb06-49fd-93f7-bb4684063d4c,V-1029,2025-10-20T04:09:19,Compliant
5814f109-0979-4a6b-a235-a283b78d67ac,V-1029,2025-10-07T15:49:28,On_Time
14bfb83b-5918-4e8f-b635-8787401f21fa,V-1029,2025-10-28T12:23:59,Compliant
f7ec30b8-3e53-473b-9f32-256836d95654,V-1029,2025-10-11T23:15:06,On_Time
83332e66-055e-4b07-b081-ab0fd1a00fef,V-1029,2025-10-14T01:05:04,Compliant
1bcf845b-7051-46f4-8aec-ef07603dc0a0,V-1029,2025-10-14T17:35:37,On_Time
445f79bc-6198-4996-85fa-c588c377aa50,V-1029,2025-10-24T08:09:40,Compliant
90d99120-481a-428d-abe4-9f298a055b64,V-1029,2025-10-08T18:57:51,Compliant
b31ff816-2609-4bd2-89c3-d3792621afaa,V-1029,2025-10-26T16:04:25,On_Time
d5390f74-b6ad-44bb-8a99-a2af97509f4d,V-1029,2025-10-17T07:43:02,On_Time
3f5cf8d6-0a7f-4174-96d2-450e33907a98,V-1029,2025-10-16T02:01:40,On_Time
4205d714-078e-40e6-97d0-bc1f2494c2c9,V-1029,2025-10-01T00:29:03,On_Time
74e02448-9178-4830-b9b5-81650a82887a,V-1029,2025-10-06T23:06:18,Compliant
681ff852-8128-48ce-aba3-861af9d1d3dd,V-1030,2025-10-23T12:18:09,On_Time
c9d98612-334e-4c11-81aa-fef6c4a65e08,V-1030,2025-10-31T05:16:17,Compliant
98e5b7f3-4510-48d5-8c9c-af0a1319412c,V-1030,2025-10-10T19:15:01,On_Time
1a6465df-58af-432a-8c5a-a3d723777a04,V-1030,2025-10-20T07:16:42,On_Time
0063af9a-f9e3-466a-a8ae-df33777ce657,V-1030,2025-10-31T04:35:51,On_Time
2e4f4066-0b07-49e5-b796-30884691e9ae,V-1030,2025-10-12T05:16:42,On_Time
a114165d-af49-43ff-8cad-a2a5c7456d14,V-1030,2025-10-28T18:11:40,On_Time
76fcc7ec-33cd-443a-85ad-8d7354dba14d,V-1030,2025-10-30T17:41:52,On_Time
9e78f130-238e-460e-970c-facd3bb5c024,V-1030,2025-10-28T04:44:07,On_Time
76e3711a-3beb-4a9f-b410-4647bb2f5dcf,V-1030,2025-10-04T06:53:50,On_Time
a8ca74ea-6f58-4d5e-ac16-ae906ad290ff,V-1030,2025-10-29T07:04:53,Compliant
a1663623-2620-42cf-85c5-11d47afdc1b8,V-1030,2025-10-31T08:18:21,On_Time
2ed69ebe-e58d-44a7-b6d6-633ccf786608,V-1030,2025-10-15T09:56:51,On_Time
9039fd3b-2f30-43a2-a291-619d04b78f87,V-1030,2025-10-31T22:51:45,On_Time
3afa718e-119e-4075-abb4-61d2910f86bb,V-1030,2025-10-07T11:14:16,On_Time
e1bab579-4a7b-4a0a-8da7-3abdec6b5751,V-1030,2025-10-24T17:35:01,Compliant
7feb9220-6133-4045-9f0d-7a9529c2d59b,V-1030,2025-10-21T00:03:04,On_Time
e8da849b-3d26-4878-b653-edc7baffe0c3,V-1030,2025-10-04T19:57:15,On_Time
031dbd4d-b38c-42c9-ab64-94d714bfebf0,V-1030,2025-10-31T01:07:16,On_Time
50cb1b92-513a-4ec5-8bcd-547aa0344dfd,V-1030,2025-10-29T03:08:46,On_Time
ca5b0caa-0013-4cb2-b7e3-145e5d9362c6,V-1031,2025-10-04T11:32:45,On_Time
c43e20ab-b86c-4a8c-88fe-0f9ae5f7ed6d,V-1031,2025-10-04T06:52:42,On_Time
19d86e45-082b-4f9e-a737-cb1fa28d6e2c,V-1031,2025-10-25T10:56:12,Compliant
404b6b56-de03-4644-91e2-570f03dbaf87,V-1031,2025-10-09T06:15:39,On_Time
893c8e03-b5b5-4e96-aa6d-72b4d453b626,V-1031,2025-10-28T14:56:09,On_Time
ccaec413-d81d-49cd-ba96-f6c104adaf49,V-1031,2025-10-25T11:58:47,On_Time
124dd49f-4789-4ad8-952e-2f7242dde0c9,V-1031,2025-10-03T15:34:41,Compliant
999903e2-96b1-43f5-8b5a-40a0a4298a46,V-1031,2025-10-18T06:33:18,On_Time
b4e07195-801e-405b-80b1-13ef671c0dd5,V-1031,2025-10-09T02:27:09,On_Time
d44fdae4-57fd-441d-b286-d9b1e18a8860,V-1031,2025-10-01T11:33:29,On_Time
86c0ba3b-c06f-4737-9cd7-3276099d9b54,V-1031,2025-10-20T16:35:58,On_Time
86a35f6d-fde2-4959-add3-8538ed869ff3,V-1031,2025-10-16T10:33:22,On_Time
efae534b-2c78-4476-91a2-d45cd961e64b,V-1031,2025-10-28T21:26:07,Compliant
49eb7192-a15a-4b8b-a8ed-aeece9e6b8f0,V-1031,2025-10-13T00:24:56,On_Time
9c4adac4-0bb4-4689-95da-fdbac42af879,V-1031,2025-10-31T09:14:51,On_Time
e85d37af-2b6c-41d7-b702-e6924aaf2484,V-1031,2025-10-09T04:20:54,On_Time
2a198fb7-b36a-4260-bdc8-32209a058504,V-1032,2025-10-14T08:33:45,Compliant
f54c90a5-3c45-4389-8240-a44ea32801dd,V-1032,2025-10-23T04:38:31,Compliant
917fb74e-05ff-414c-9ed9-7064c7b5bfb1,V-1032,2025-10-04T16:45:20,Compliant
e5e3ff78-d086-4f76-b8cd-47e65316bfc4,V-1032,2025-10-18T01:26:51,On_Time
9ed411b4-7a49-49c9-a142-8b1b271883c2,V-1032,2025-10-02T22:25:38,On_Time
2f97ccce-f31b-4003-89b5-b178e8bb263e,V-1032,2025-10-22T04:54:50,On_Time
e5e0acea-c3c9-458a-bb7d-6e03113139fb,V-1032,2025-10-27T00:43:41,Compliant
c80d146a-5c2f-4486-a456-67afa42a5445,V-1032,2025-10-17T03:15:45,Compliant
2fc99adb-31c2-4736-a249-b57ed5b4a87b,V-1032,2025-10-09T14:51:35,On_Time
f47cacc9-39be-41b4-979c-6e709760dec4,V-1032,2025-10-11T05:06:10,Compliant
853bc020-0de9-4f6a-a84f-0b139f410ede,V-1032,2025-10-26T11:24:06,On_Time
e54190b7-393c-4c11-9093-f469c5dcf929,V-1032,2025-10-27T18:22:56,Compliant
aa7e67ec-a6ed-4082-8836-57d4e723f15f,V-1032,2025-10-27T03:43:36,Compliant
c58c5ebe-98ff-47cc-943f-d25710b1e0ea,V-1032,2025-10-22T07:55:14,Compliant
f25fd0ac-8949-4dd1-adec-e24e0d0d2b94,V-1032,2025-10-01T07:58:18,On_Time
e566436b-9b4f-404e-a836-1c9b1c70cd23,V-1032,2025-10-17T17:18:31,On_Time
03db530b-ff25-4b23-8a71-af4e3ff4598f,V-1032,2025-10-02T08:41:55,Compliant
cd92af03-3c11-4f78-8670-02dce16b3b9b,V-1032,2025-10-14T04:22:43,On_Time
de77194b-2187-4088-add5-78f3e1848e5d,V-1033,2025-10-16T05:27:04,Compliant
db80ce4c-bd40-4520-a9b5-6a260dfd6cc5,V-1033,2025-10-28T04:20:52,Compliant
ca44c773-2ed3-4a71-bfd0-363b0e4574dc,V-1033,2025-10-12T01:15:17,Compliant
a3152a47-4db4-4980-a7fd-9d7d2292866f,V-1033,2025-10-19T07:17:52,On_Time
9f8789eb-b07e-4fe7-a30d-3ccdd6295522,V-1033,2025-10-09T17:00:47,Compliant
4b99ffbd-dbca-432a-96c7-56041c040d05,V-1033,2025-10-25T01:01:05,Compliant
82a4853f-9a67-47ed-b900-b3a0a63dc436,V-1033,2025-10-17T03:01:41,On_Time
ff41577a-190d-4c68-8248-aa636d8ca6a1,V-1033,2025-10-12T14:54:09,On_Time
967ea09b-3794-4830-a550-f12be0e53893,V-1033,2025-10-25T09:34:30,Compliant
dbe99fb1-757b-46d6-bd30-4841f806e4ad,V-1033,2025-10-24T00:07:59,On_Time
f1ecefd6-44f6-4354-95f0-79f039a838e9,V-1033,2025-10-17T12:22:18,On_Time
f642feae-39c3-49ff-b5b0-ecbb6c3762ae,V-1033,2025-10-24T18:17:26,On_Time
1a9ce042-7448-41ba-a03b-5b73590acd4e,V-1033,2025-10-19T17:26:37,Compliant
cd39b7f1-5582-4a30-9634-309f3f3cae2b,V-1033,2025-10-29T17:10:36,Compliant
d2ce6563-bb6e-4df9-8cc6-ed4ab91bc036,V-1033,2025-10-31T22:45:20,Compliant
4e405171-c50d-4560-874d-f4f37aeef21b,V-1033,2025-10-21T06:32:31,Compliant
6acd2e29-32a0-4635-9db9-ca615b1bf23c,V-1033,2025-10-11T02:55:38,Compliant
192a9636-0391-4f51-89c1-b08b527fdf25,V-1033,2025-10-31T23:18:04,On_Time
f273f3e1-e4fc-4f3c-afa2-b1a05aa1862a,V-1034,2025-10-11T15:09:35,Compliant
1c029c88-5ef3-4799-a56b-088aff666e8f,V-1034,2025-10-10T15:16:35,Compliant
4d416dea-dcf6-4245-a36a-c59a33246c83,V-1034,2025-10-28T01:43:18,Compliant
695bb7ee-3f73-4580-8afc-ec7ccb5cdd21,V-1034,2025-10-31T04:16:36,On_Time
ac7aa1af-649e-47ff-a6f6-a14000e200b4,V-1034,2025-10-28T13:09:27,On_Time
5890f2c9-3cca-455b-bb7d-0f50ad9dffb9,V-1034,2025-10-27T05:58:05,Compliant
fa138269-60ba-4c81-beea-6aedb65ed522,V-1034,2025-10-09T21:25:47,On_Time
e19649ba-cea4-4ca0-b191-357fae930e1a,V-1034,2025-10-03T03:21:31,On_Time
36bcf5bf-012f-4b8d-a0a3-41ad8580f2cc,V-1034,2025-10-02T18:57:11,On_Time
d0a9ff3a-9836-4368-a6da-f7be6233b484,V-1034,2025-10-19T02:40:50,On_Time
3e4913d0-afb5-4f9a-bd87-e6a863c3b239,V-1034,2025-10-23T08:08:21,Compliant
2f896cf2-5384-4334-b349-0ddc2359fba7,V-1034,2025-10-05T15:16:12,Compliant
68c94cb4-9d25-42d7-96ac-2f3d0785e987,V-1034,2025-10-04T19:54:58,On_Time
a09baa9f-a89e-4b83-920e-4b62c6885fcc,V-1034,2025-10-04T09:40:33,Compliant
01923579-b3f0-438d-be69-bdc35177542b,V-1035,2025-10-22T20:00:48,Compliant
fe1ab5ae-fc27-420b-91a4-bb91ef3be40c,V-1035,2025-10-14T21:28:50,On_Time
11d37763-8541-4929-be9d-457562a7e33e,V-1035,2025-10-10T11:17:25,On_Time
a41337ac-9ac2-4075-9852-50d50786a6ff,V-1035,2025-10-04T20:42:04,On_Time
6d019f80-9dbe-4048-99b7-9a7029e7a0c2,V-1035,2025-10-25T01:14:18,On_Time
66611153-0c79-44dd-845c-f209b69d9e5c,V-1035,2025-10-20T08:17:55,On_Time
8c4e7350-f657-45f7-8fc7-271824a4d5e2,V-1035,2025-10-20T11:01:05,Compliant
3b59c5d8-054a-4bdd-9593-948cc866e5ab,V-1035,2025-10-09T04:08:46,Compliant
4d5628fc-a14b-4ca2-8951-7954ffd23a10,V-1035,2025-10-09T09:28:13,On_Time
8d1fd9c0-988d-4bb4-aebb-9d821984b489,V-1035,2025-10-26T20:30:35,Compliant
47b15d1c-d7ed-486d-91ec-7ae45d8b3808,V-1035,2025-10-17T13:39:04,Compliant
96adf570-974f-4e68-b8ed-ebd013802a1d,V-1035,2025-10-17T17:41:43,On_Time
16584592-2f08-4e98-9c2f-d94059e387de,V-1035,2025-10-10T00:20:12,On_Time
71b38dce-5dd8-4095-a291-c7aa20337b11,V-1035,2025-10-27T15:15:51,On_Time
6fcc68f1-c88d-4cfd-8926-7011f6c73f56,V-1035,2025-10-30T11:18:28,Compliant
1314bafd-2e01-4def-a277-6809814f052d,V-1035,2025-10-13T08:31:21,On_Time
c57a3860-ad8b-4cc2-8eb9-e0c53d312dc9,V-1036,2025-10-22T20:12:56,Compliant
6b141a50-a559-4d50-97d3-16ff754d11d9,V-1036,2025-10-16T22:33:31,Compliant
d32fa1f0-9f56-4dab-ac1d-d946567df087,V-1036,2025-10-06T11:21:35,On_Time
a1d230cd-041e-4724-b67e-a2847561b9e5,V-1036,2025-10-21T11:47:54,Compliant
a4ec32f4-15b1-4eb7-8069-ee6c86a23790,V-1036,2025-10-04T21:37:43,Compliant
9dbfdecc-f682-4d4f-afed-df4e39c4156f,V-1036,2025-10-24T12:47:20,Compliant
bc0503d0-b6a6-4574-9312-91400df7faad,V-1036,2025-10-06T04:36:59,Compliant
b506189f-c522-4e55-81fe-626bc5bf1049,V-1036,2025-10-16T23:28:00,On_Time
957c43e5-0be1-4645-984b-ba7814dd8f71,V-1036,2025-10-09T01:07:12,On_Time
d3e19a08-1a6a-4da4-9f8c-8e1bba0b8999,V-1036,2025-10-05T21:57:55,Compliant
65ca6519-5e1e-4896-8566-634f7373b6f8,V-1036,2025-10-10T15:14:19,On_Time
a01f145b-9886-4f5d-bb48-5be3daa76c5c,V-1036,2025-10-11T13:12:04,Compliant
6a9d20cf-2647-4388-98c6-f6fab6dfed70,V-1036,2025-10-30T23:25:04,Compliant
5fcd6889-3208-47d7-85fc-c9cc75ba1ddc,V-1036,2025-10-29T23:51:59,Compliant
4a06ecd7-0c1d-43be-adfb-6e03d24b34da,V-1036,2025-10-05T22:09:52,On_Time
46203320-59be-436a-9e7b-740483fec411,V-1036,2025-10-24T08:31:23,On_Time
a92ab435-d81a-46f1-8916-6e3b978d280a,V-1036,2025-10-28T09:12:34,On_Time
c0715930-20d1-40ae-aa6f-6fa84169c952,V-1037,2025-10-03T20:02:26,Compliant
399fc648-5370-4261-ae78-22b1ba343548,V-1037,2025-10-24T16:14:21,Compliant
16104fdf-f677-4cb5-931b-4d972ca30fdc,V-1037,2025-10-03T08:41:00,On_Time
19a1e9e7-4a0d-49ca-9a58-6d0b5517eb1a,V-1037,2025-10-17T22:25:13,On_Time
ef745bd2-d3c4-4098-a66c-9f1e499f4a8a,V-1037,2025-10-12T02:55:09,Compliant
40e73735-4932-4486-a48f-382ff5108fb1,V-1037,2025-10-07T06:55:56,On_Time
0fd2196a-cedf-48f7-a241-c327ad631821,V-1037,2025-10-06T19:29:53,Compliant
e57c62d4-54cc-4ba3-9b73-681388d43f8a,V-1037,2025-10-14T20:26:06,Compliant
ef8f94b8-cd7c-4361-8dd3-a60a6a70ec52,V-1037,2025-10-07T20:24:27,Compliant
01daedc7-43aa-4246-9c05-4f2791c10cf2,V-1037,2025-10-25T10:16:07,On_Time
fcf81f55-5a0a-498c-9c22-5cca7e4f62d8,V-1037,2025-10-18T19:32:56,Compliant
8a5c954e-606d-4e67-b87a-13328fdb8271,V-1037,2025-10-28T13:45:36,On_Time
5d2d30e3-97d3-4907-8b0c-407995fdba62,V-1037,2025-10-20T05:52:11,Compliant
1b79df48-a7d5-4391-9dc1-3aad6e6310e4,V-1037,2025-10-09T13:42:32,On_Time
807eb38d-782a-4d9a-8333-3989f8bc5784,V-1037,2025-10-20T22:56:57,On_Time
c6e78203-f064-4883-8b3a-db21d7a453f8,V-1037,2025-10-02T18:53:38,On_Time
69a99af2-019f-41fe-aac5-c55083f754bb,V-1037,2025-10-24T09:54:13,On_Time
b74721a0-6553-43ea-a3f3-b11beb94814d,V-1037,2025-10-25T07:47:36,On_Time
1b2f4cf6-2029-4bb6-9f7a-5c5868109a83,V-1037,2025-10-18T17:49:03,On_Time
4fafc752-6df5-4b74-9ae9-56a2b3091b44,V-1037,2025-10-23T08:52:27,Compliant
29e047c0-eff8-4c02-864e-9eb4ac344e41,V-1037,2025-10-22T18:55:37,On_Time
9d23eae7-0b94-44a4-a538-01eed24e6d01,V-1037,2025-10-08T16:08:42,On_Time
a12ce2e0-1862-47dd-8d9a-d15a1a8ef674,V-1037,2025-10-29T19:00:45,Compliant
f9b8c2ee-237b-451b-b623-c146b1cd2c33,V-1038,2025-10-23T08:44:40,Compliant
d4878b09-b415-432c-a386-489323076ff3,V-1038,2025-10-13T04:59:39,Compliant
33fb7915-cd48-4080-a071-9512b3db2c97,V-1038,2025-10-26T12:32:35,On_Time
b417685e-e485-43c5-b50c-05a366f0eff4,V-1038,2025-10-09T16:15:36,Compliant
c3413b86-a890-4d31-b57c-09aa9bbf038c,V-1038,2025-10-26T12:40:02,On_Time
74570c55-1d12-49a3-a6d0-d15acd197a5c,V-1038,2025-10-09T18:22:29,On_Time
78d63b0d-8684-4aac-a1e8-892901aedf6b,V-1038,2025-10-22T23:13:06,Compliant
c2bbedf5-a21c-4b75-8c49-d27bba93b6f9,V-1038,2025-10-26T04:38:33,Compliant
1d0a36fd-217d-446c-95d5-77d64583d430,V-1038,2025-10-25T23:49:45,Compliant
b2c77422-b313-423d-887d-4c5afb393bcf,V-1038,2025-10-15T03:59:57,On_Time
b454ed7f-b54e-450b-ac1d-5fd166c01e9b,V-1038,2025-10-20T12:36:59,On_Time
9340dd3d-450b-4556-9a99-a2930e8d695b,V-1038,2025-10-24T08:13:52,On_Time
a3fd9826-6557-4d76-894c-0db4c07845dd,V-1038,2025-10-23T05:20:38,On_Time
062906f6-f038-448a-b5e1-0a9828706a83,V-1038,2025-10-24T04:09:23,On_Time
4816fccd-bbde-4f84-9876-88b9d0e697d8,V-1038,2025-10-17T07:37:33,On_Time
26ab6d40-eea9-4c43-90ca-65bc3d05c2b0,V-1039,2025-10-15T15:56:42,On_Time
300f96d7-0d08-4dcb-b6cb-8d13e8b361ef,V-1039,2025-10-20T10:20:05,Compliant
0b612fdc-c683-4800-bf1a-7138f36fc07b,V-1039,2025-10-27T22:10:44,On_Time
acdcf992-5fad-4ebf-8643-6e55aaf0003f,V-1039,2025-10-17T01:23:24,On_Time
06d90c58-e9dd-43d6-943f-015995732edb,V-1039,2025-10-21T12:31:16,On_Time
9ab48122-0fe1-403b-b347-ec01e86b703d,V-1039,2025-10-29T12:01:14,On_Time
0411859e-f53a-4f76-a05f-5d2d537f70ba,V-1039,2025-10-05T05:46:37,On_Time
e4f348f6-30ce-4fb6-8b58-58dde43a8f26,V-1039,2025-10-09T04:49:56,On_Time
58f5b387-bb43-4eb6-87dd-4f8ac70764fa,V-1039,2025-10-26T02:58:44,On_Time
e266fa60-6f91-429d-9cea-f7881be399fa,V-1039,2025-10-25T05:01:14,On_Time
51c6edba-86aa-4b68-b304-b5b005e91e69,V-1039,2025-10-20T07:16:25,On_Time
d5fc713a-6105-4cc9-b7ff-8d192a501c5c,V-1039,2025-10-06T19:39:44,Compliant
93aecbcf-868a-4393-92bb-610e1995d885,V-1039,2025-10-02T17:30:44,On_Time
ab7ca633-125d-43b1-b1e1-096b8923a253,V-1039,2025-10-21T07:51:29,Compliant
