po_id,supplier_id,origin,port,container_id,carrier,promised_date,eta,dc_dest,sku_category,holiday_uplift_factor,substitutability_score,gm_margin_dollars,base_route_cost,alt_route_cost_OAK,alt_route_cost_SEA,reroute_feasible_OAK,reroute_feasible_SEA
PO_LT_0001,SUP_ELEC_01,CN_Shanghai,LGB,CONT_LT_00001,CARR_MSC,2025-11-19,2025-11-25T15:08:33.638666,DC-08,Chargers,2.972935264382132,0.2984147736499335,78541.58,54851.29,60783.12,59942.26,True,True
PO_LT_0002,SUP_ELEC_01,CN_Shenzhen,LGB,CONT_LT_00002,CARR_ONE,2025-11-22,2025-11-29T11:38:40.411207,DC-07,Accessories,2.4474551046229296,0.2597125560066637,67318.36,71477.22,76557.15,74934.42,True,True
PO_LT_0003,SUP_ELEC_02,CN_Shanghai,LGB,CONT_LT_00003,CARR_COSCO,2025-11-18,2025-11-24T17:43:13.873816,DC-07,Chargers,2.690140632634531,0.06379549745357042,45229.73,77765.33,83300.35,85123.14,True,True
PO_LT_0004,SUP_ELEC_02,KR_Busan,LGB,CONT_LT_00004,CARR_COSCO,2025-11-18,2025-11-24T19:27:34.393475,DC-07,Chargers,2.178382743099683,0.08000648512549281,63785.69,77355.86,82897.6,83529.8,True,False
PO_LT_0005,SUP_ELEC_02,VN_HoChiMinh,LGB,CONT_LT_00005,CARR_COSCO,2025-11-18,2025-11-25T03:43:12.869953,DC-08,Accessories,2.350843722250313,0.12177201667505912,57110.25,67211.3,72393.56,71628.91,True,True
PO_LT_0006,SUP_ELEC_01,CN_Shanghai,LGB,CONT_LT_00006,CARR_Maersk,2025-11-21,2025-11-28T23:43:29.942810,DC-08,Chargers,2.413782118215453,0.08142799739976146,68249.6,62172.99,65848.39,67440.38,True,True
PO_LT_0007,SUP_ELEC_02,CN_Shenzhen,LGB,CONT_LT_00007,CARR_COSCO,2025-11-18,2025-11-25T17:05:18.501916,DC-08,Chargers,1.9923899412678168,0.0525893899668982,54842.32,67393.17,72034.58,72899.86,True,False
PO_LT_0008,SUP_ELEC_01,VN_HoChiMinh,LGB,CONT_LT_00008,CARR_MSC,2025-11-21,2025-11-29T02:14:11.327498,DC-07,Chargers,2.985869786986381,0.07181112808124886,45686.73,67399.4,70785.31,72754.13,True,True
PO_LT_0009,SUP_ELEC_02,KR_Busan,LGB,CONT_LT_00009,CARR_Maersk,2025-11-19,2025-11-25T14:38:57.206934,DC-07,Chargers,1.8396654880088859,0.12629954559768974,74937.16,79052.49,82395.34,84361.57,True,False
PO_LT_0010,SUP_ELEC_01,KR_Busan,LGB,CONT_LT_00010,CARR_ONE,2025-11-22,2025-11-30T09:57:12.163434,DC-08,Electronics,1.9802303200488443,0.23130770268128148,51819.1,76776.28,83280.38,82042.02,False,True
PO_LT_0011,SUP_ELEC_02,CN_Shanghai,LGB,CONT_LT_00011,CARR_MSC,2025-11-20,2025-11-27T04:45:19.963048,DC-08,Chargers,2.107038539407414,0.11252270068179306,71628.73,66974.59,72194.0,73751.85,True,True
PO_LT_0012,SUP_ELEC_01,KR_Busan,LGB,CONT_LT_00012,CARR_ONE,2025-11-19,2025-11-26T12:28:18.109256,DC-07,Accessories,2.6988641794814225,0.1796192350101785,75392.37,56396.4,59569.47,61272.61,True,False
PO_LT_0013,SUP_ELEC_01,VN_HoChiMinh,LGB,CONT_LT_00013,CARR_Maersk,2025-11-17,2025-11-23T17:11:18.681992,DC-07,Accessories,2.384106006025011,0.055522592970904824,61286.87,55810.68,61494.28,63376.86,True,True
PO_LT_0014,SUP_ELEC_02,VN_HoChiMinh,LGB,CONT_LT_00014,CARR_ONE,2025-11-23,2025-11-30T23:56:50.393718,DC-08,Chargers,2.175921978988906,0.05782625354082731,72830.62,70953.96,75066.98,74461.16,True,True
PO_LT_0015,SUP_ELEC_01,CN_Shanghai,LGB,CONT_LT_00015,CARR_ONE,2025-11-17,2025-11-23T15:37:36.980001,DC-07,Electronics,2.2683718314196595,0.27597288210743176,76483.3,58783.09,62635.71,63865.65,True,False
PO_LT_0016,SUP_ELEC_01,CN_Shenzhen,LGB,CONT_LT_00016,CARR_COSCO,2025-11-21,2025-11-27T15:33:28.855219,DC-07,Accessories,1.838011224254709,0.1814143867375565,54795.99,63590.58,68776.42,67992.43,True,True
PO_LT_0017,SUP_ELEC_01,CN_Shenzhen,LGB,CONT_LT_00017,CARR_COSCO,2025-11-21,2025-11-29T00:42:42.072850,DC-07,Electronics,2.903728679893196,0.18760607727087453,49700.61,50727.58,53946.64,55801.81,True,True
PO_LT_0018,SUP_ELEC_01,VN_HoChiMinh,LGB,CONT_LT_00018,CARR_COSCO,2025-11-22,2025-11-28T16:06:24.790925,DC-07,Accessories,2.598841294609005,0.2941860226411954,80168.93,68719.2,73780.47,74724.44,True,True
PO_LT_0019,SUP_ELEC_02,KR_Busan,LGB,CONT_LT_00019,CARR_MSC,2025-11-18,2025-11-24T15:46:00.913940,DC-07,Accessories,2.292461346694007,0.22699271281214156,65291.42,66212.3,69994.73,71226.57,True,False
PO_LT_0020,SUP_ELEC_01,CN_Shenzhen,LGB,CONT_LT_00020,CARR_COSCO,2025-11-23,2025-12-01T02:09:19.221108,DC-07,Accessories,2.513111003590904,0.19464473724205744,79646.05,73413.45,78236.62,76835.8,True,True
PO_LT_0021,SUP_ELEC_01,CN_Shenzhen,LGB,CONT_LT_00021,CARR_MSC,2025-11-18,2025-11-25T03:45:09.205967,DC-07,Electronics,2.779967633433898,0.2989180103852599,60266.1,76681.73,80383.49,79740.84,True,True
PO_LT_0022,SUP_ELEC_02,CN_Shenzhen,LGB,CONT_LT_00022,CARR_ONE,2025-11-17,2025-11-24T07:20:55.939083,DC-08,Electronics,2.1136251965863013,0.2779256284155795,72571.36,51582.98,56937.28,57791.82,True,True
PO_LT_0023,SUP_ELEC_01,CN_Shenzhen,LGB,CONT_LT_00023,CARR_ONE,2025-11-19,2025-11-26T14:26:53.080832,DC-07,Chargers,2.882512597737483,0.29544060320718624,70009.47,76639.93,80823.25,81627.62,True,True
PO_LT_0024,SUP_ELEC_01,CN_Shenzhen,LGB,CONT_LT_00024,CARR_MSC,2025-11-21,2025-11-29T03:01:58.405915,DC-07,Electronics,2.737819278000597,0.263312152263098,59348.72,60752.56,65701.46,67566.56,True,False
PO_LT_0025,SUP_ELEC_01,VN_HoChiMinh,LGB,CONT_LT_00025,CARR_Maersk,2025-11-18,2025-11-25T03:17:15.069275,DC-07,Electronics,2.9999505617641034,0.09494849025313813,78413.8,66953.14,72893.19,71396.86,True,True
PO_LT_0026,SUP_ELEC_01,VN_HoChiMinh,LGB,CONT_LT_00026,CARR_ONE,2025-11-17,2025-11-24T04:48:41.568670,DC-07,Electronics,2.5290360443657063,0.27859377778984623,69252.58,68379.62,73529.77,71529.9,True,True
PO_LT_0027,SUP_ELEC_01,VN_HoChiMinh,LGB,CONT_LT_00027,CARR_COSCO,2025-11-20,2025-11-27T19:02:56.172981,DC-08,Electronics,2.2288437908316663,0.1971327163024333,45360.09,62415.47,66126.13,66812.12,True,True
PO_LT_0028,SUP_ELEC_01,CN_Shenzhen,LGB,CONT_LT_00028,CARR_MSC,2025-11-17,2025-11-25T08:38:29.319854,DC-07,Chargers,2.4758350444648167,0.18932142542931385,50032.46,68965.17,74438.18,75610.66,True,False
PO_000001,SUP_ELEC_01,CN_Shenzhen,LGB,CONT_000001,CARR_COSCO,2025-11-11,2025-11-16T08:00:32.155260,DC-05,Toys,1.3584912578946025,0.6907798883046805,106815.85,63149.48,65918.97,63644.34,False,False
PO_000002,SUP_GEN_02,CN_Shenzhen,LGB,CONT_000002,CARR_ONE,2025-11-18,2025-11-23T11:11:15.836408,DC-05,Toys,1.515990267639852,0.6765691920362961,98714.15,72928.37,72344.58,74373.38,False,False
PO_000003,SUP_ELEC_01,VN_HoChiMinh,LGB,CONT_000003,CARR_MSC,2025-11-17,2025-11-22T13:45:37.533278,DC-05,Beauty,1.2710539678127752,0.6630486072022634,81433.88,48523.45,50522.88,49390.91,False,False
PO_000004,SUP_TOYS_01,VN_HoChiMinh,LGB,CONT_000004,CARR_COSCO,2025-11-18,2025-11-23T10:17:05.020061,DC-08,Home,2.110073025200751,0.8699421113850385,14694.49,65823.47,67445.18,69806.82,True,True
PO_000005,SUP_TOYS_01,KR_Busan,LGB,CONT_000005,CARR_COSCO,2025-11-19,2025-11-23T06:37:22.356203,DC-08,Electronics,2.4775551756900205,0.8635446065605836,49975.05,59559.72,58848.86,60066.4,True,False
PO_000006,SUP_ELEC_01,CN_Shanghai,LGB,CONT_000006,CARR_Maersk,2025-11-10,2025-11-14T13:25:40.067691,DC-08,Chargers,1.5975740448117746,0.8620335791432294,21829.67,52572.03,52179.7,56371.25,False,True
PO_000007,SUP_TOYS_01,CN_Shanghai,LGB,CONT_000007,CARR_COSCO,2025-11-14,2025-11-19T15:10:21.642443,DC-07,Chargers,1.4997808385973892,0.7388876159379214,60752.36,82467.68,83700.53,83994.45,True,False
PO_000008,SUP_TOYS_01,CN_Shanghai,LGB,CONT_000008,CARR_ONE,2025-11-16,2025-11-20T01:19:32.715229,DC-05,Toys,1.5911915694996535,0.5622963178947545,103539.67,47604.9,47115.7,51579.5,False,True
PO_000009,SUP_GEN_02,CN_Shanghai,LGB,CONT_000009,CARR_Maersk,2025-11-18,2025-11-22T20:26:43.572902,DC-08,Apparel,1.7557860443374507,0.7733615018319597,10304.69,54265.71,53878.91,53775.05,False,True
PO_000010,SUP_ELEC_01,VN_HoChiMinh,LGB,CONT_000010,CARR_MSC,2025-11-11,2025-11-15T03:03:08.721600,DC-08,Apparel,1.6685205385391986,0.5119529756697629,81402.83,76713.4,76880.25,76415.79,True,True
PO_000011,SUP_TOYS_01,CN_Shenzhen,LGB,CONT_000011,CARR_MSC,2025-11-15,2025-11-19T22:46:13.815279,DC-05,Chargers,1.8654292656046048,0.731840306995311,87059.99,64237.4,64136.78,67163.32,False,False
PO_000012,SUP_ELEC_02,CN_Shanghai,LGB,CONT_000012,CARR_COSCO,2025-11-18,2025-11-22T19:10:15.241048,DC-08,Home,2.2201482597131474,0.63800514183566,113542.34,44787.21,47679.72,48510.32,False,False
PO_000013,SUP_ELEC_01,VN_HoChiMinh,LGB,CONT_000013,CARR_MSC,2025-11-11,2025-11-15T07:45:49.425589,DC-07,Chargers,1.479043728941721,0.22460983981978522,28837.87,81377.21,84062.17,83020.15,True,False
PO_000014,SUP_GEN_02,CN_Shenzhen,LGB,CONT_000014,CARR_Maersk,2025-11-10,2025-11-15T23:39:48.355571,DC-05,Toys,2.2093786194998986,0.24356768729168896,29149.17,80677.28,82602.55,80247.04,True,False
PO_000015,SUP_GEN_02,VN_HoChiMinh,LGB,CONT_000015,CARR_COSCO,2025-11-18,2025-11-23T04:52:54.844133,DC-05,Toys,2.4099117119266085,0.8357341863241907,59580.09,43462.17,43065.56,45086.25,False,False
PO_000016,SUP_TOYS_01,CN_Shenzhen,LGB,CONT_000016,CARR_ONE,2025-11-12,2025-11-17T05:01:56.564690,DC-08,Chargers,1.2946727366553161,0.35365066954584534,63871.1,79854.0,80068.57,79199.05,True,False
PO_000017,SUP_TOYS_01,KR_Busan,LGB,CONT_000017,CARR_COSCO,2025-11-14,2025-11-19T01:40:21.384392,DC-05,Toys,1.785770401348894,0.6102528332091253,34391.88,45263.57,45258.19,47313.44,False,False
PO_000018,SUP_ELEC_01,CN_Shenzhen,LGB,CONT_000018,CARR_MSC,2025-11-16,2025-11-21T01:25:23.870029,DC-07,Beauty,2.484745485296685,0.7000790872733007,48463.89,49007.94,48674.88,51003.59,False,True
PO_000019,SUP_TOYS_01,VN_HoChiMinh,LGB,CONT_000019,CARR_ONE,2025-11-18,2025-11-22T22:02:57.310171,DC-07,Apparel,1.4197298412571993,0.42461997362738113,57713.58,70869.81,71947.49,73357.5,False,False
PO_000020,SUP_GEN_01,VN_HoChiMinh,LGB,CONT_000020,CARR_ONE,2025-11-13,2025-11-18T20:47:56.684044,DC-08,Accessories,1.3928896374709487,0.7089048510049207,25461.48,46103.98,47312.96,45359.58,True,False
PO_000021,SUP_GEN_01,CN_Shenzhen,LGB,CONT_000021,CARR_COSCO,2025-11-14,2025-11-19T04:05:15.182532,DC-07,Chargers,1.3491134044396926,0.5749713915318411,85377.94,62446.62,66335.9,62106.93,True,False
PO_000022,SUP_ELEC_02,CN_Shenzhen,LGB,CONT_000022,CARR_COSCO,2025-11-18,2025-11-23T18:20:07.574180,DC-05,Electronics,1.8512260411862114,0.719046264304704,102004.85,41747.21,41111.02,44597.85,False,False
PO_000023,SUP_GEN_01,KR_Busan,LGB,CONT_000023,CARR_COSCO,2025-11-14,2025-11-19T01:05:32.942846,DC-08,Toys,1.097567197115473,0.4561386641937447,38656.91,75020.73,74775.4,76850.62,True,False
PO_000024,SUP_ELEC_02,KR_Busan,LGB,CONT_000024,CARR_ONE,2025-11-16,2025-11-21T19:08:12.497113,DC-05,Apparel,1.4071236701645298,0.5437367239262331,78031.84,83971.04,86596.64,87355.47,False,True
PO_000025,SUP_TOYS_01,KR_Busan,LGB,CONT_000025,CARR_ONE,2025-11-17,2025-11-22T15:49:28.297942,DC-07,Toys,2.1705096084827984,0.4478514188297815,35169.75,63491.59,64143.03,63379.85,True,False
PO_000026,SUP_ELEC_02,KR_Busan,LGB,CONT_000026,CARR_Maersk,2025-11-13,2025-11-18T00:16:25.123818,DC-08,Home,1.7536086257244268,0.5405692539089781,36269.34,75758.37,76458.84,79040.85,False,True
PO_000027,SUP_ELEC_02,VN_HoChiMinh,LGB,CONT_000027,CARR_MSC,2025-11-18,2025-11-22T17:27:29.775660,DC-05,Home,1.5978934230781816,0.3920496504272189,24091.49,60887.92,60972.32,60632.04,False,True
PO_000028,SUP_TOYS_01,CN_Shanghai,OAK,CONT_000028,CARR_COSCO,2025-11-11,2025-11-13T14:56:41.576113,DC-05,Beauty,2.4943090421486023,0.43966553574330014,18911.39,46442.89,47592.4,49137.77,True,True
PO_000029,SUP_ELEC_02,VN_HoChiMinh,SEA,CONT_000029,CARR_Maersk,2025-11-17,2025-11-20T13:59:41.934802,DC-06,Electronics,1.123132812432751,0.5172144611699347,58285.13,58690.16,58945.74,62458.24,False,False
PO_000030,SUP_ELEC_01,VN_HoChiMinh,SEA,CONT_000030,CARR_Maersk,2025-11-12,2025-11-14T12:03:40.085346,DC-09,Home,1.7014364148604275,0.29532908551623627,98337.12,85514.53,87967.04,87768.49,True,False
PO_000031,SUP_ELEC_02,VN_HoChiMinh,OAK,CONT_000031,CARR_Maersk,2025-11-18,2025-11-21T17:35:08.614873,DC-05,Chargers,2.4802840307461347,0.7212088480604766,61889.05,68271.87,71302.74,69498.37,True,True
PO_000032,SUP_GEN_02,CN_Shanghai,OAK,CONT_000032,CARR_ONE,2025-11-15,2025-11-18T20:23:39.424692,DC-06,Home,1.9277743117368205,0.4019020651041631,39551.5,70862.08,71140.68,73804.26,True,False
PO_000033,SUP_ELEC_01,CN_Shenzhen,OAK,CONT_000033,CARR_ONE,2025-11-19,2025-11-21T19:12:28.567913,DC-08,Toys,1.5341665218526044,0.5778839712515205,110526.09,58512.7,58470.76,61820.01,True,True
PO_000034,SUP_GEN_01,CN_Shanghai,OAK,CONT_000034,CARR_ONE,2025-11-15,2025-11-18T11:13:03.889420,DC-07,Electronics,1.9001462101277333,0.25382300372251165,50131.53,64390.47,64797.68,65220.73,False,False
PO_000035,SUP_GEN_02,CN_Shenzhen,SEA,CONT_000035,CARR_MSC,2025-11-14,2025-11-16T17:05:39.130866,DC-08,Apparel,1.9817585402055626,0.741550894444716,24548.57,57720.0,57798.77,57159.16,True,False
PO_000036,SUP_GEN_01,CN_Shenzhen,OAK,CONT_000036,CARR_MSC,2025-11-10,2025-11-12T20:58:10.093912,DC-06,Home,1.4988027641145787,0.6587013770677433,40109.79,48325.55,47735.74,51336.9,False,False
PO_000037,SUP_ELEC_02,CN_Shanghai,OAK,CONT_000037,CARR_ONE,2025-11-12,2025-11-15T16:40:37.567405,DC-03,Beauty,2.0208376488526167,0.33363611823537065,81278.62,60527.43,60570.19,62726.99,True,False
PO_000038,SUP_ELEC_01,VN_HoChiMinh,SEA,CONT_000038,CARR_Maersk,2025-11-14,2025-11-17T16:30:33.169083,DC-10,Toys,1.29939582175819,0.8378416563352806,110797.23,89353.5,90149.86,91693.79,True,True
PO_000039,SUP_TOYS_01,CN_Shenzhen,SEA,CONT_000039,CARR_ONE,2025-11-18,2025-11-21T16:37:52.927299,DC-02,Apparel,1.713306687831459,0.34739720393192847,45611.61,71296.2,73881.72,71399.26,True,False
PO_000040,SUP_TOYS_01,KR_Busan,SEA,CONT_000040,CARR_ONE,2025-11-10,2025-11-13T19:33:14.798783,DC-01,Toys,2.3711223934393875,0.4713674037351741,85415.42,58835.68,59437.72,58501.4,False,False
PO_000041,SUP_ELEC_02,CN_Shenzhen,OAK,CONT_000041,CARR_ONE,2025-11-13,2025-11-16T14:57:51.823713,DC-06,Beauty,2.0517028617471817,0.5132160439150493,62923.98,42352.29,41758.36,45759.43,True,True
PO_000042,SUP_GEN_01,CN_Shanghai,OAK,CONT_000042,CARR_COSCO,2025-11-18,2025-11-20T18:28:59.248721,DC-09,Apparel,1.0646802503880495,0.8538900659708009,94137.86,82011.58,84729.66,81212.69,True,True
PO_000043,SUP_ELEC_02,CN_Shenzhen,OAK,CONT_000043,CARR_MSC,2025-11-17,2025-11-20T06:17:11.796124,DC-07,Electronics,1.1529296492000585,0.49522335261367423,19753.08,84957.6,84417.99,88726.33,True,True
PO_000044,SUP_ELEC_01,VN_HoChiMinh,SEA,CONT_000044,CARR_ONE,2025-11-17,2025-11-20T06:52:56.141622,DC-04,Beauty,2.2068027127265992,0.6139759557250615,119629.67,76684.6,79964.15,78967.11,False,False
PO_000045,SUP_ELEC_02,CN_Shanghai,SEA,CONT_000045,CARR_ONE,2025-11-19,2025-11-22T16:48:05.573874,DC-01,Chargers,1.5883523326436189,0.39626763059104936,69108.71,85015.29,84659.31,84986.59,False,True
PO_000046,SUP_GEN_01,KR_Busan,SEA,CONT_000046,CARR_Maersk,2025-11-12,2025-11-14T14:27:36.301100,DC-10,Electronics,2.308389266744831,0.26643090015473314,60270.02,82546.82,82294.57,86320.6,False,True
PO_000047,SUP_TOYS_01,VN_HoChiMinh,OAK,CONT_000047,CARR_COSCO,2025-11-20,2025-11-23T00:22:57.596853,DC-06,Beauty,1.3904441812000337,0.3201649847660276,66935.47,54164.96,57167.12,54588.06,False,False
PO_000048,SUP_GEN_02,CN_Shanghai,OAK,CONT_000048,CARR_Maersk,2025-11-17,2025-11-20T10:06:43.518059,DC-01,Chargers,1.3470550492292164,0.48177092372090696,86612.26,51013.43,51508.88,53230.93,False,True
PO_000049,SUP_ELEC_02,VN_HoChiMinh,SEA,CONT_000049,CARR_ONE,2025-11-17,2025-11-20T03:14:30.071686,DC-01,Toys,1.1697561732316346,0.6255866976310124,84178.2,75417.36,79228.71,76776.75,False,False
PO_000050,SUP_TOYS_01,VN_HoChiMinh,SEA,CONT_000050,CARR_ONE,2025-11-17,2025-11-20T00:29:02.906021,DC-06,Electronics,2.108754316619894,0.3077339236975079,34291.67,68098.65,71598.72,67531.28,True,True
PO_000051,SUP_GEN_01,CN_Shenzhen,SEA,CONT_000051,CARR_ONE,2025-11-20,2025-11-23T13:18:14.720058,DC-05,Home,1.2436319828700264,0.47203643304112014,56799.21,74878.18,78452.41,77530.38,True,True
PO_000052,SUP_ELEC_01,KR_Busan,SEA,CONT_000052,CARR_ONE,2025-11-19,2025-11-21T18:18:51.143674,DC-07,Beauty,2.0839852066600226,0.4747576687445614,103847.52,53895.23,56874.67,55310.52,False,False
PO_000053,SUP_ELEC_02,KR_Busan,SEA,CONT_000053,CARR_COSCO,2025-11-16,2025-11-19T11:46:48.078957,DC-02,Accessories,1.569376586291036,0.5913807226225765,29934.0,72339.89,75804.3,71771.74,False,True
PO_000054,SUP_ELEC_01,CN_Shanghai,OAK,CONT_000054,CARR_MSC,2025-11-13,2025-11-15T16:21:27.926042,DC-02,Apparel,2.092973090949902,0.537103034872121,88832.04,69236.04,71035.98,73183.59,False,False
PO_000055,SUP_GEN_02,VN_HoChiMinh,OAK,CONT_000055,CARR_COSCO,2025-11-20,2025-11-23T03:07:55.990129,DC-06,Chargers,1.4199440619617119,0.20391382843829392,94837.05,55991.07,57090.09,58099.29,False,True
PO_000056,SUP_ELEC_01,KR_Busan,SEA,CONT_000056,CARR_ONE,2025-11-19,2025-11-22T06:28:40.425631,DC-08,Accessories,1.4980503579159554,0.603058648362869,31329.15,49804.6,50646.98,52526.34,False,True
PO_000057,SUP_ELEC_02,VN_HoChiMinh,OAK,CONT_000057,CARR_Maersk,2025-11-15,2025-11-18T14:39:41.892976,DC-04,Electronics,1.2375807053853056,0.25247908921609474,114031.22,72044.77,74331.21,73217.28,False,True
PO_000058,SUP_ELEC_01,CN_Shanghai,OAK,CONT_000058,CARR_MSC,2025-11-13,2025-11-16T16:58:52.604225,DC-10,Home,1.126450926938017,0.5991657875192733,40531.51,61488.02,63828.26,60575.03,False,True
PO_000059,SUP_ELEC_02,CN_Shenzhen,SEA,CONT_000059,CARR_Maersk,2025-11-20,2025-11-23T12:53:39.363094,DC-01,Accessories,1.086326505934556,0.7886331106739062,73000.36,47147.19,49545.73,50516.06,False,True
PO_000060,SUP_ELEC_02,CN_Shenzhen,OAK,CONT_000060,CARR_ONE,2025-11-17,2025-11-20T09:57:05.071866,DC-07,Accessories,1.7588555804654105,0.5654235575681777,60652.85,80840.83,83575.95,84547.73,False,False
PO_000061,SUP_GEN_01,CN_Shenzhen,SEA,CONT_000061,CARR_MSC,2025-11-20,2025-11-23T16:51:13.210308,DC-06,Chargers,1.2352983751783726,0.24027093488548806,81578.59,73347.47,75855.99,74015.06,False,False
PO_000062,SUP_TOYS_01,KR_Busan,OAK,CONT_000062,CARR_Maersk,2025-11-11,2025-11-14T02:58:07.530032,DC-06,Home,1.5604306091987454,0.32088316204721207,87693.46,42820.52,43635.64,46007.35,False,False
PO_000063,SUP_ELEC_01,KR_Busan,OAK,CONT_000063,CARR_MSC,2025-11-19,2025-11-22T16:27:45.674174,DC-02,Chargers,1.2585737368343668,0.3260287830653016,119134.22,61349.34,64784.48,63315.07,False,True
PO_000064,SUP_GEN_02,KR_Busan,OAK,CONT_000064,CARR_ONE,2025-11-16,2025-11-18T17:22:27.229097,DC-02,Accessories,2.4483222807748835,0.8867930111596056,77626.11,41694.09,41330.3,40743.16,False,False
PO_000065,SUP_GEN_02,KR_Busan,OAK,CONT_000065,CARR_MSC,2025-11-19,2025-11-21T22:28:52.521843,DC-01,Electronics,2.4831726203126134,0.7199284321960422,73620.11,82268.11,84805.18,81960.92,True,False
PO_000066,SUP_GEN_01,KR_Busan,OAK,CONT_000066,CARR_Maersk,2025-11-14,2025-11-17T12:56:49.042677,DC-07,Accessories,1.1963279256640704,0.6452097720464429,21419.9,40034.49,42289.98,39444.98,True,False
PO_000067,SUP_ELEC_01,VN_HoChiMinh,OAK,CONT_000067,CARR_Maersk,2025-11-20,2025-11-22T18:45:28.746383,DC-09,Toys,1.6475621876182218,0.8425463326046789,73482.9,75205.07,76573.38,79117.43,False,False
PO_000068,SUP_ELEC_02,CN_Shenzhen,OAK,CONT_000068,CARR_ONE,2025-11-11,2025-11-13T22:32:05.458832,DC-09,Toys,2.225857968151561,0.21691070428581707,59039.03,61576.24,61271.73,61632.19,True,False
PO_000069,SUP_ELEC_01,CN_Shanghai,OAK,CONT_000069,CARR_MSC,2025-11-13,2025-11-16T09:31:55.064681,DC-04,Electronics,1.7818945840072051,0.23365445359373183,28496.7,52956.29,56120.65,55552.75,False,True
PO_000070,SUP_ELEC_01,CN_Shanghai,SEA,CONT_000070,CARR_Maersk,2025-11-13,2025-11-16T08:38:13.380908,DC-09,Electronics,1.0754826426681772,0.8286863046971593,12149.85,84134.34,85707.41,84967.76,False,False
PO_000071,SUP_ELEC_01,VN_HoChiMinh,SEA,CONT_000071,CARR_ONE,2025-11-19,2025-11-22T03:02:35.805626,DC-09,Accessories,1.783548155540952,0.5394490808208523,22502.25,76374.78,78519.86,79251.72,True,False
PO_000072,SUP_ELEC_02,KR_Busan,SEA,CONT_000072,CARR_COSCO,2025-11-11,2025-11-14T21:19:31.233602,DC-07,Home,1.0017043889117625,0.6866122352401414,68659.26,67264.09,67793.29,69406.5,False,True
PO_000073,SUP_ELEC_02,CN_Shenzhen,SEA,CONT_000073,CARR_MSC,2025-11-18,2025-11-21T16:39:27.900029,DC-01,Chargers,1.8053446795575576,0.3847953993703179,119677.99,86060.58,85098.69,87236.54,False,False
PO_000074,SUP_GEN_02,KR_Busan,SEA,CONT_000074,CARR_Maersk,2025-11-12,2025-11-15T09:24:27.421733,DC-09,Beauty,1.879417312578922,0.7658268495442833,91522.88,88287.06,91200.54,90477.87,False,False
PO_000075,SUP_GEN_01,CN_Shanghai,OAK,CONT_000075,CARR_COSCO,2025-11-20,2025-11-22T13:02:54.144753,DC-01,Electronics,2.237469919686025,0.430435672078776,116485.42,42213.5,44243.5,44128.96,True,True
PO_000076,SUP_GEN_02,KR_Busan,SEA,CONT_000076,CARR_ONE,2025-11-11,2025-11-14T11:35:26.271786,DC-09,Toys,1.0989051891095234,0.5774682805067692,99235.94,48483.22,51556.58,51046.84,True,False
PO_000077,SUP_TOYS_01,VN_HoChiMinh,SEA,CONT_000077,CARR_ONE,2025-11-11,2025-11-14T10:16:48.997170,DC-05,Electronics,1.0017900519342642,0.6241641748940889,38422.69,86710.38,89789.75,86350.24,False,True
PO_000078,SUP_ELEC_02,CN_Shenzhen,SEA,CONT_000078,CARR_MSC,2025-11-19,2025-11-22T04:06:37.418033,DC-07,Chargers,2.399259510932331,0.3689131990740351,38349.82,43833.41,45724.01,45500.71,False,False
PO_000079,SUP_ELEC_01,KR_Busan,SEA,CONT_000079,CARR_Maersk,2025-11-16,2025-11-18T20:59:11.269173,DC-10,Electronics,1.133025747913715,0.6418322682150164,64077.36,74167.67,76009.12,76338.15,True,False
PO_000080,SUP_GEN_02,VN_HoChiMinh,SEA,CONT_000080,CARR_ONE,2025-11-16,2025-11-19T08:21:46.440384,DC-06,Electronics,1.1054179019416064,0.6609136757579104,57454.03,76114.46,75992.0,78148.33,False,True
PO_000081,SUP_GEN_02,CN_Shanghai,OAK,CONT_000081,CARR_ONE,2025-11-13,2025-11-16T09:55:45.991944,DC-07,Home,2.213704303910428,0.6448019594300824,17012.14,52473.89,54570.89,56282.23,False,True
PO_000082,SUP_ELEC_02,CN_Shenzhen,SEA,CONT_000082,CARR_MSC,2025-11-13,2025-11-16T17:56:50.636753,DC-08,Chargers,2.1947821592269956,0.6494413075975471,31469.73,52031.56,55690.29,53342.37,False,False
PO_000083,SUP_GEN_01,KR_Busan,OAK,CONT_000083,CARR_COSCO,2025-11-17,2025-11-20T05:24:10.457982,DC-06,Beauty,2.0130641621639604,0.49714305796933606,70041.05,61797.8,63480.35,63921.75,False,True
PO_000084,SUP_TOYS_01,KR_Busan,SEA,CONT_000084,CARR_Maersk,2025-11-12,2025-11-14T20:31:34.673589,DC-06,Home,1.7197706896603728,0.6279051740278639,96142.39,86039.74,87627.92,87068.48,True,False
PO_000085,SUP_GEN_02,CN_Shanghai,OAK,CONT_000085,CARR_ONE,2025-11-13,2025-11-16T08:26:56.511198,DC-08,Apparel,1.8012034951840843,0.5710823064291544,47179.27,86902.37,88271.52,88366.48,False,True
PO_000086,SUP_ELEC_02,VN_HoChiMinh,SEA,CONT_000086,CARR_COSCO,2025-11-15,2025-11-17T13:50:31.899617,DC-09,Apparel,1.668994951247993,0.7721156525953425,68652.49,45066.03,44576.51,47599.25,True,False
PO_000087,SUP_ELEC_02,VN_HoChiMinh,SEA,CONT_000087,CARR_COSCO,2025-11-10,2025-11-13T19:34:43.949543,DC-06,Beauty,1.5253986669015842,0.5203658962081212,105165.07,79760.4,82756.82,83136.9,False,True
PO_000088,SUP_GEN_01,CN_Shanghai,SEA,CONT_000088,CARR_ONE,2025-11-19,2025-11-22T21:11:31.972125,DC-06,Toys,1.0707737429745554,0.23139137585200867,67167.0,76796.81,77014.0,78570.12,True,False
PO_000089,SUP_GEN_02,CN_Shenzhen,OAK,CONT_000089,CARR_ONE,2025-11-18,2025-11-21T22:06:19.262887,DC-03,Electronics,1.9648284696233747,0.584120272924523,28171.92,48485.51,49657.52,48940.49,False,True
PO_000090,SUP_ELEC_01,VN_HoChiMinh,SEA,CONT_000090,CARR_ONE,2025-11-17,2025-11-20T19:47:06.350011,DC-03,Chargers,1.597319855117334,0.8606224373933984,79671.01,56411.82,58478.79,56343.71,False,False
PO_000091,SUP_GEN_01,CN_Shanghai,OAK,CONT_000091,CARR_COSCO,2025-11-14,2025-11-17T01:35:54.752236,DC-03,Accessories,2.0738203450526154,0.29696521141146953,30215.53,62002.77,63067.89,65012.37,False,False
PO_000092,SUP_GEN_02,KR_Busan,OAK,CONT_000092,CARR_ONE,2025-11-17,2025-11-20T18:53:29.955898,DC-10,Home,2.2802475379024107,0.6652015742246944,87275.14,51252.87,50927.25,53107.2,False,True
PO_000093,SUP_ELEC_02,CN_Shenzhen,SEA,CONT_000093,CARR_MSC,2025-11-12,2025-11-15T07:33:15.830966,DC-08,Electronics,1.0739893501558266,0.20038352938406806,119195.56,72561.45,72037.88,74238.13,False,False
PO_000094,SUP_ELEC_02,KR_Busan,OAK,CONT_000094,CARR_COSCO,2025-11-17,2025-11-19T14:55:59.930822,DC-01,Accessories,1.6742987949449786,0.7303346166210181,45063.56,50504.92,49521.39,54451.83,False,False
PO_000095,SUP_GEN_01,CN_Shanghai,OAK,CONT_000095,CARR_Maersk,2025-11-12,2025-11-15T09:05:04.330926,DC-09,Apparel,1.0511163292596966,0.7124780462723894,33879.08,40822.86,40878.32,41322.54,True,False
PO_000096,SUP_ELEC_01,KR_Busan,SEA,CONT_000096,CARR_COSCO,2025-11-15,2025-11-17T22:52:52.998917,DC-08,Accessories,1.972521814084494,0.6667700740657503,31631.81,53342.9,55697.4,54320.42,True,False
PO_000097,SUP_ELEC_02,CN_Shanghai,OAK,CONT_000097,CARR_MSC,2025-11-19,2025-11-22T07:47:51.352303,DC-06,Home,1.2443373934811648,0.4939201222192105,51927.71,86978.07,88245.99,90812.04,False,True
PO_000098,SUP_ELEC_02,CN_Shanghai,SEA,CONT_000098,CARR_Maersk,2025-11-20,2025-11-22T17:00:09.731072,DC-06,Chargers,2.4292448374253826,0.5760563036960706,81403.65,59547.06,59357.26,62038.4,True,False
PO_000099,SUP_ELEC_01,CN_Shanghai,SEA,CONT_000099,CARR_ONE,2025-11-15,2025-11-18T15:32:39.841968,DC-04,Chargers,1.1164960255777758,0.3774898997207701,112498.28,72410.38,72866.9,72761.76,False,False
PO_000100,SUP_ELEC_01,KR_Busan,OAK,CONT_000100,CARR_COSCO,2025-11-18,2025-11-21T13:34:32.778977,DC-01,Accessories,1.350717101144549,0.47030742079147875,93783.6,62201.26,65975.58,64680.0,False,False
PO_000101,SUP_ELEC_02,VN_HoChiMinh,SEA,CONT_000101,CARR_Maersk,2025-11-11,2025-11-14T15:03:53.118964,DC-09,Home,2.2057775773652644,0.37225447918149246,55964.0,77749.04,77275.18,80983.58,True,False
PO_000102,SUP_GEN_01,CN_Shanghai,OAK,CONT_000102,CARR_COSCO,2025-11-17,2025-11-20T04:44:35.393799,DC-10,Electronics,2.0773300092651183,0.6586537775044943,114608.48,47565.36,46753.11,46891.45,False,False
PO_000103,SUP_GEN_01,VN_HoChiMinh,OAK,CONT_000103,CARR_MSC,2025-11-10,2025-11-12T23:25:51.662775,DC-08,Toys,1.3509489835345792,0.8274015015470473,35193.74,55882.44,58507.98,56394.65,True,True
PO_000104,SUP_ELEC_02,CN_Shenzhen,OAK,CONT_000104,CARR_COSCO,2025-11-12,2025-11-15T12:29:11.491569,DC-01,Toys,2.058650011214752,0.6877173798905419,81892.58,85793.35,86494.32,88045.54,True,False
PO_000105,SUP_ELEC_02,CN_Shenzhen,OAK,CONT_000105,CARR_COSCO,2025-11-14,2025-11-16T17:23:23.760139,DC-07,Electronics,1.0903328488135517,0.7462331937736233,30524.33,67058.9,68535.3,68490.9,False,False
PO_000106,SUP_GEN_02,CN_Shenzhen,SEA,CONT_000106,CARR_COSCO,2025-11-15,2025-11-17T16:41:17.268767,DC-02,Chargers,1.4256936380563314,0.5342026506337834,22245.08,63700.12,65379.59,67339.83,False,True
PO_000107,SUP_GEN_01,VN_HoChiMinh,SEA,CONT_000107,CARR_ONE,2025-11-11,2025-11-14T09:23:49.344825,DC-09,Electronics,2.0403470976859124,0.500554189813104,71141.67,41977.73,41986.62,44168.96,True,True
PO_000108,SUP_GEN_02,KR_Busan,OAK,CONT_000108,CARR_Maersk,2025-11-13,2025-11-16T16:16:32.488430,DC-05,Beauty,1.0803861314797811,0.8446343419248066,77248.41,89572.98,89834.48,91940.27,False,True
PO_000109,SUP_ELEC_01,CN_Shenzhen,SEA,CONT_000109,CARR_ONE,2025-11-13,2025-11-16T12:09:10.342947,DC-04,Home,1.0143224127563242,0.30676525828519713,21895.98,67271.26,67274.28,70183.68,False,False
PO_000110,SUP_GEN_02,VN_HoChiMinh,OAK,CONT_000110,CARR_Maersk,2025-11-19,2025-11-22T18:58:29.638402,DC-07,Electronics,1.9124516063166284,0.7649099913934319,76843.08,60793.26,63524.81,61718.1,True,False
PO_000111,SUP_ELEC_01,CN_Shanghai,SEA,CONT_000111,CARR_ONE,2025-11-11,2025-11-13T18:34:39.861854,DC-09,Beauty,1.5891128110109607,0.799466431834067,99574.36,70644.14,70285.22,74201.5,True,False
PO_000112,SUP_ELEC_01,CN_Shenzhen,SEA,CONT_000112,CARR_MSC,2025-11-10,2025-11-13T11:55:02.245785,DC-01,Apparel,2.257833673472694,0.4740150843986853,79525.69,54526.86,56217.49,55545.04,False,True
PO_000113,SUP_ELEC_01,CN_Shenzhen,OAK,CONT_000113,CARR_Maersk,2025-11-18,2025-11-21T05:02:18.863778,DC-01,Beauty,2.19171747963221,0.46602166700256076,31256.19,85711.62,87987.0,84751.45,False,False
PO_000114,SUP_GEN_01,KR_Busan,OAK,CONT_000114,CARR_COSCO,2025-11-16,2025-11-18T18:20:45.397010,DC-02,Electronics,1.2389973064399116,0.35404052944786313,100698.34,61135.85,63363.29,61984.48,False,True
PO_000115,SUP_ELEC_01,CN_Shenzhen,SEA,CONT_000115,CARR_MSC,2025-11-10,2025-11-13T15:36:15.208817,DC-03,Electronics,1.0595888861168437,0.4966012691040162,27260.79,58909.3,61410.81,60764.83,False,True
PO_000116,SUP_TOYS_01,KR_Busan,OAK,CONT_000116,CARR_Maersk,2025-11-20,2025-11-23T07:30:56.069674,DC-01,Electronics,1.4234940215804683,0.36734514529364143,70888.26,89362.32,92583.5,93293.05,True,False
PO_000117,SUP_GEN_02,CN_Shenzhen,SEA,CONT_000117,CARR_ONE,2025-11-13,2025-11-16T15:30:59.739080,DC-10,Home,1.4591953501521988,0.4462915790641371,49752.69,43438.83,43751.46,47210.86,False,False
PO_000118,SUP_GEN_01,VN_HoChiMinh,OAK,CONT_000118,CARR_Maersk,2025-11-10,2025-11-13T09:11:20.029995,DC-06,Toys,1.2927094677647943,0.28546242904114255,40241.77,74681.95,78372.34,78516.07,True,False
PO_000119,SUP_GEN_02,KR_Busan,SEA,CONT_000119,CARR_ONE,2025-11-18,2025-11-21T02:42:49.992991,DC-01,Apparel,1.338973641591353,0.8111751181189817,14047.84,85113.14,87437.17,86276.4,False,True
PO_000120,SUP_TOYS_01,VN_HoChiMinh,SEA,CONT_000120,CARR_Maersk,2025-11-13,2025-11-16T00:31:59.229621,DC-01,Chargers,1.7457888515249824,0.7124084899539771,29468.08,89173.97,88546.55,90426.53,True,False
PO_000121,SUP_ELEC_02,VN_HoChiMinh,OAK,CONT_000121,CARR_ONE,2025-11-13,2025-11-16T12:29:05.475066,DC-03,Accessories,1.0335120405291598,0.34887938551885206,95561.33,55504.82,58333.11,55203.48,True,False
PO_000122,SUP_GEN_01,VN_HoChiMinh,SEA,CONT_000122,CARR_COSCO,2025-11-13,2025-11-16T01:54:02.801966,DC-01,Accessories,2.0333391506551384,0.6709109167254341,59394.07,68214.31,70882.25,67930.62,False,False
PO_000123,SUP_ELEC_02,KR_Busan,OAK,CONT_000123,CARR_ONE,2025-11-17,2025-11-19T14:31:27.416785,DC-09,Electronics,2.1479659374171662,0.6996106522381558,89560.69,59731.68,61484.41,59697.44,True,True
PO_000124,SUP_ELEC_02,VN_HoChiMinh,SEA,CONT_000124,CARR_COSCO,2025-11-16,2025-11-19T11:22:16.595741,DC-01,Beauty,2.2842321993869352,0.2422667795340886,33967.01,53727.09,53232.79,56932.27,False,True
PO_000125,SUP_GEN_01,KR_Busan,SEA,CONT_000125,CARR_MSC,2025-11-14,2025-11-17T23:48:47.605077,DC-03,Toys,1.453077937054488,0.61524409542686,73536.48,46096.32,45641.88,46381.38,False,True
PO_000126,SUP_TOYS_01,VN_HoChiMinh,OAK,CONT_000126,CARR_ONE,2025-11-19,2025-11-22T16:01:09.023857,DC-01,Toys,2.486597363275731,0.2833828858317879,109356.47,80152.13,79666.39,83582.04,True,True
PO_000127,SUP_TOYS_01,CN_Shanghai,OAK,CONT_000127,CARR_Maersk,2025-11-16,2025-11-19T10:46:58.424536,DC-03,Toys,2.2228712766854137,0.23020311363276158,92176.61,64137.87,64458.82,68077.52,False,False
PO_000128,SUP_TOYS_01,VN_HoChiMinh,OAK,CONT_000128,CARR_COSCO,2025-11-10,2025-11-12T15:52:40.526684,DC-01,Chargers,2.380084162279993,0.6818111390515476,13223.12,81652.27,82997.69,81055.37,False,False
PO_000129,SUP_GEN_01,CN_Shanghai,OAK,CONT_000129,CARR_COSCO,2025-11-16,2025-11-19T14:16:40.793145,DC-10,Home,2.3954785063559094,0.7798190817796566,33430.16,59081.21,58845.13,60316.24,False,False
PO_000130,SUP_GEN_02,CN_Shenzhen,SEA,CONT_000130,CARR_Maersk,2025-11-11,2025-11-13T14:12:16.909967,DC-01,Accessories,1.6253764359217806,0.33053342756654136,60284.12,41443.97,42776.5,44474.57,False,False
PO_000131,SUP_TOYS_01,KR_Busan,OAK,CONT_000131,CARR_ONE,2025-11-10,2025-11-13T01:50:54.871670,DC-01,Accessories,2.1624502162770454,0.575007174668179,67793.38,73141.53,74909.65,72511.03,True,True
PO_000132,SUP_TOYS_01,VN_HoChiMinh,SEA,CONT_000132,CARR_COSCO,2025-11-18,2025-11-20T14:17:24.266631,DC-06,Beauty,2.052660145851653,0.6404081231707957,19629.91,75160.98,76503.82,75539.88,True,True
PO_000133,SUP_TOYS_01,VN_HoChiMinh,OAK,CONT_000133,CARR_ONE,2025-11-12,2025-11-15T23:39:19.785587,DC-05,Toys,1.9362083705221171,0.420726985214566,26353.91,53138.2,55074.58,55066.39,True,True
PO_000134,SUP_GEN_02,CN_Shanghai,SEA,CONT_000134,CARR_COSCO,2025-11-17,2025-11-20T20:15:38.427805,DC-09,Toys,1.1171166455093098,0.5571894064292112,77766.28,47469.15,48283.62,48931.45,False,True
PO_000135,SUP_ELEC_02,CN_Shenzhen,OAK,CONT_000135,CARR_MSC,2025-11-15,2025-11-18T14:19:21.750228,DC-04,Beauty,2.023060491558825,0.26736800726658044,82871.57,57414.16,59511.6,57397.46,False,False
PO_000136,SUP_GEN_02,CN_Shenzhen,SEA,CONT_000136,CARR_MSC,2025-11-20,2025-11-23T23:10:31.537460,DC-07,Electronics,2.4653610855865313,0.37256449431195005,81697.46,70231.85,71743.54,73478.41,False,False
PO_000137,SUP_TOYS_01,VN_HoChiMinh,OAK,CONT_000137,CARR_Maersk,2025-11-15,2025-11-18T03:04:12.985101,DC-01,Beauty,1.9304583976982617,0.7782241947474173,18226.27,42637.58,43190.37,44885.83,False,True
PO_000138,SUP_ELEC_01,KR_Busan,SEA,CONT_000138,CARR_Maersk,2025-11-12,2025-11-14T17:24:02.320529,DC-05,Chargers,1.4528128161257285,0.8306672123298977,61323.67,78316.41,80781.56,81600.11,True,False
PO_000139,SUP_GEN_01,KR_Busan,OAK,CONT_000139,CARR_MSC,2025-11-18,2025-11-20T14:40:55.859176,DC-07,Electronics,1.9591372238724356,0.5514416780301964,74132.66,59519.12,62150.73,58845.6,False,False
PO_000140,SUP_ELEC_02,CN_Shanghai,OAK,CONT_000140,CARR_MSC,2025-11-11,2025-11-13T16:34:40.438004,DC-02,Home,2.3284595982815004,0.67795545866384,81591.9,54172.44,55952.05,54763.45,False,False
PO_000141,SUP_TOYS_01,KR_Busan,SEA,CONT_000141,CARR_Maersk,2025-11-15,2025-11-18T08:13:42.832938,DC-06,Home,1.6359269516046309,0.5737515929423904,12219.74,70705.36,69877.04,73855.71,True,False
PO_000142,SUP_GEN_01,CN_Shenzhen,SEA,CONT_000142,CARR_Maersk,2025-11-13,2025-11-15T14:43:59.032778,DC-01,Home,1.121598004206093,0.8582000547884641,58461.31,81956.88,83856.88,82969.82,True,True
PO_000143,SUP_GEN_01,VN_HoChiMinh,SEA,CONT_000143,CARR_ONE,2025-11-18,2025-11-21T17:36:41.384871,DC-03,Toys,2.0082007777155306,0.4787303577989574,22302.23,47061.91,49082.72,49364.79,True,True
PO_000144,SUP_GEN_01,KR_Busan,SEA,CONT_000144,CARR_ONE,2025-11-14,2025-11-16T23:34:56.846206,DC-02,Apparel,1.9260530283256667,0.2734550683186211,70170.51,56854.65,55863.23,57808.54,False,False
PO_000145,SUP_GEN_01,VN_HoChiMinh,SEA,CONT_000145,CARR_COSCO,2025-11-11,2025-11-13T16:52:56.712885,DC-07,Chargers,1.1995023446761084,0.6600819515993099,20449.22,60991.25,63729.33,60034.34,False,False
PO_000146,SUP_GEN_01,CN_Shanghai,SEA,CONT_000146,CARR_MSC,2025-11-17,2025-11-19T14:48:22.474828,DC-04,Accessories,1.0627046833233147,0.38825659173498644,111147.84,52989.44,53393.96,52170.87,False,False
PO_000147,SUP_GEN_02,CN_Shenzhen,SEA,CONT_000147,CARR_MSC,2025-11-16,2025-11-18T16:10:02.288198,DC-02,Toys,2.4076038047931725,0.26085286690589404,67144.4,42900.01,44835.57,45735.84,True,True
PO_000148,SUP_GEN_01,VN_HoChiMinh,SEA,CONT_000148,CARR_ONE,2025-11-18,2025-11-21T16:15:26.584061,DC-06,Accessories,1.8607769357276758,0.3286907271380537,42842.93,70473.14,70951.35,73117.89,True,False
PO_000149,SUP_ELEC_01,CN_Shenzhen,OAK,CONT_000149,CARR_ONE,2025-11-20,2025-11-23T03:08:45.245014,DC-04,Toys,2.3092479158885677,0.42780327733736956,13638.64,82483.4,83812.84,84670.83,False,True
PO_000150,SUP_GEN_02,CN_Shanghai,OAK,CONT_000150,CARR_Maersk,2025-11-14,2025-11-17T23:35:22.598209,DC-09,Accessories,1.4165549824849406,0.7946821316838695,119523.39,73370.92,72802.3,76298.39,False,False
PO_000151,SUP_GEN_02,CN_Shenzhen,OAK,CONT_000151,CARR_ONE,2025-11-18,2025-11-21T06:30:07.144160,DC-02,Electronics,1.1100203126313315,0.21831233635320343,38030.66,58550.5,58671.38,61300.83,False,True
PO_000152,SUP_ELEC_02,CN_Shanghai,SEA,CONT_000152,CARR_ONE,2025-11-14,2025-11-16T20:06:33.374863,DC-07,Apparel,1.5449902545353442,0.4822792937934322,96734.43,53573.9,55664.78,57155.49,False,True
PO_000153,SUP_GEN_02,CN_Shenzhen,SEA,CONT_000153,CARR_COSCO,2025-11-18,2025-11-20T12:54:24.851374,DC-06,Electronics,1.5987609436251593,0.2333371829954349,58217.77,69394.01,71012.59,71292.26,False,False
PO_000154,SUP_ELEC_01,CN_Shenzhen,SEA,CONT_000154,CARR_MSC,2025-11-14,2025-11-16T23:17:13.267656,DC-08,Apparel,1.223146098183226,0.48334231487493806,25026.76,59313.83,60897.12,61963.98,True,False
PO_000155,SUP_TOYS_01,KR_Busan,OAK,CONT_000155,CARR_ONE,2025-11-16,2025-11-19T19:10:21.058184,DC-03,Toys,1.6575677751272206,0.3353663812372112,30858.19,62982.33,63723.67,62553.85,False,True
PO_000156,SUP_GEN_02,CN_Shenzhen,OAK,CONT_000156,CARR_MSC,2025-11-20,2025-11-22T16:17:15.666623,DC-07,Home,2.188537424016384,0.7208079334390547,51424.63,74701.01,77031.44,74404.06,True,True
PO_000157,SUP_ELEC_01,KR_Busan,OAK,CONT_000157,CARR_Maersk,2025-11-20,2025-11-22T21:35:35.094338,DC-03,Home,1.5893885104066892,0.5420622148965506,116205.64,70502.62,74291.09,70616.49,True,True
PO_000158,SUP_GEN_01,VN_HoChiMinh,OAK,CONT_000158,CARR_COSCO,2025-11-17,2025-11-20T23:54:16.062648,DC-07,Beauty,1.8437460204132634,0.3037649022610119,17577.0,54726.92,57252.5,54408.8,False,True
PO_000159,SUP_ELEC_02,VN_HoChiMinh,SEA,CONT_000159,CARR_Maersk,2025-11-14,2025-11-17T15:42:34.975249,DC-04,Toys,2.242919869831928,0.7169362556783145,38097.49,40255.01,39467.52,42593.16,False,False
PO_000160,SUP_TOYS_01,CN_Shenzhen,SEA,CONT_000160,CARR_COSCO,2025-11-18,2025-11-20T21:16:40.202163,DC-02,Accessories,1.7308543581465539,0.49373215454757763,25904.75,76554.92,77278.78,78581.07,False,False
PO_000161,SUP_TOYS_01,VN_HoChiMinh,SEA,CONT_000161,CARR_MSC,2025-11-15,2025-11-18T00:24:25.079781,DC-10,Accessories,1.776632208652924,0.7949655154597535,12880.93,61586.68,63866.41,63512.6,True,False
PO_000162,SUP_TOYS_01,KR_Busan,SEA,CONT_000162,CARR_Maersk,2025-11-18,2025-11-20T23:22:06.717289,DC-08,Apparel,1.0457432212913433,0.40031759907690634,29007.82,84633.99,87970.81,85247.39,True,False
PO_000163,SUP_TOYS_01,CN_Shenzhen,SEA,CONT_000163,CARR_ONE,2025-11-14,2025-11-17T01:35:30.704865,DC-05,Apparel,2.414565215804929,0.7106301886830861,112224.33,78478.3,81002.27,80893.2,False,True
PO_000164,SUP_ELEC_01,CN_Shenzhen,OAK,CONT_000164,CARR_MSC,2025-11-13,2025-11-15T17:48:44.096926,DC-02,Electronics,2.261416026480396,0.5273316371896761,85349.91,43903.93,47627.21,45665.11,True,True
PO_000165,SUP_ELEC_02,KR_Busan,OAK,CONT_000165,CARR_Maersk,2025-11-20,2025-11-23T03:01:46.487878,DC-05,Electronics,1.3500817444604774,0.37992203295314475,46679.84,50872.99,49876.28,52420.7,False,False
PO_000166,SUP_TOYS_01,VN_HoChiMinh,SEA,CONT_000166,CARR_Maersk,2025-11-18,2025-11-21T15:25:11.765255,DC-01,Electronics,1.1559659527875548,0.5499926914841814,33981.62,40786.58,41906.2,44063.4,True,True
PO_000167,SUP_ELEC_02,VN_HoChiMinh,OAK,CONT_000167,CARR_COSCO,2025-11-19,2025-11-21T12:50:52.291956,DC-04,Chargers,1.8966303992806386,0.6960670514499312,12448.81,61736.41,63495.17,60840.96,False,False
PO_000168,SUP_GEN_02,CN_Shanghai,OAK,CONT_000168,CARR_Maersk,2025-11-11,2025-11-13T15:16:53.207572,DC-07,Chargers,2.4801408242801095,0.20310158770966158,10477.47,41478.22,41289.76,41460.34,False,False
PO_000169,SUP_ELEC_01,CN_Shenzhen,OAK,CONT_000169,CARR_Maersk,2025-11-19,2025-11-22T03:47:10.542157,DC-06,Chargers,1.1362040611084339,0.5950052818717333,95716.67,59317.94,62979.95,61462.86,False,True
PO_000170,SUP_ELEC_02,CN_Shenzhen,OAK,CONT_000170,CARR_COSCO,2025-11-13,2025-11-16T11:37:42.850615,DC-04,Accessories,1.701267784467329,0.3779944641580373,15700.82,86960.96,88491.58,89457.21,False,False
PO_000171,SUP_GEN_01,CN_Shenzhen,OAK,CONT_000171,CARR_COSCO,2025-11-17,2025-11-19T18:14:45.321531,DC-03,Chargers,2.0317935461748347,0.5702189176433186,52279.82,43393.36,44185.53,46879.9,False,True
PO_000172,SUP_GEN_01,KR_Busan,OAK,CONT_000172,CARR_COSCO,2025-11-13,2025-11-16T11:45:08.542331,DC-10,Accessories,2.1901443341227775,0.6083436870248983,95570.64,49127.21,51749.36,48556.74,True,False
PO_000173,SUP_GEN_02,CN_Shanghai,OAK,CONT_000173,CARR_MSC,2025-11-20,2025-11-23T00:46:50.510651,DC-08,Apparel,1.6521042977291245,0.5859652824697001,119973.62,57911.06,60744.5,59352.5,False,False
PO_000174,SUP_TOYS_01,KR_Busan,OAK,CONT_000174,CARR_Maersk,2025-11-13,2025-11-15T13:24:39.424276,DC-06,Chargers,2.4272053362134973,0.7291910432335484,96390.23,45107.25,48916.6,46327.84,True,True
PO_000175,SUP_GEN_02,VN_HoChiMinh,SEA,CONT_000175,CARR_MSC,2025-11-18,2025-11-21T16:07:38.187865,DC-07,Electronics,2.1301051527351436,0.3865714819624061,33178.46,41767.47,41059.65,44133.37,True,True
PO_000176,SUP_ELEC_02,KR_Busan,OAK,CONT_000176,CARR_COSCO,2025-11-12,2025-11-15T12:11:24.715800,DC-02,Home,1.4315790518963363,0.4805590111006783,64371.37,74780.42,74120.91,78753.14,False,True
PO_000177,SUP_TOYS_01,VN_HoChiMinh,SEA,CONT_000177,CARR_ONE,2025-11-12,2025-11-14T20:21:10.335675,DC-04,Home,1.1411241536415462,0.8889667768144078,99541.18,74541.46,76149.18,75369.64,False,False
PO_000178,SUP_ELEC_01,KR_Busan,OAK,CONT_000178,CARR_ONE,2025-11-19,2025-11-21T15:13:14.221811,DC-05,Home,2.1582007356631157,0.890071953036631,46156.51,49049.12,50029.98,49580.51,False,False
PO_000179,SUP_TOYS_01,KR_Busan,OAK,CONT_000179,CARR_Maersk,2025-11-20,2025-11-23T06:07:05.997802,DC-08,Apparel,2.14212925123016,0.6588967741310455,55278.91,69338.91,71937.91,71148.59,False,False
PO_000180,SUP_GEN_01,CN_Shanghai,OAK,CONT_000180,CARR_ONE,2025-11-14,2025-11-17T14:43:52.086186,DC-08,Accessories,1.9452058378034447,0.6921685195079064,86799.78,56744.98,56596.44,57215.72,False,True
PO_000181,SUP_GEN_02,VN_HoChiMinh,OAK,CONT_000181,CARR_Maersk,2025-11-19,2025-11-22T16:04:49.338934,DC-03,Accessories,1.0780411588198584,0.6229925891414418,62740.94,81723.82,85581.49,83588.13,False,False
PO_000182,SUP_GEN_02,CN_Shanghai,OAK,CONT_000182,CARR_COSCO,2025-11-13,2025-11-16T07:15:36.470940,DC-10,Toys,2.2490505762406623,0.8363837869412587,56298.76,42349.44,41509.28,45219.16,True,False
PO_000183,SUP_ELEC_02,CN_Shenzhen,SEA,CONT_000183,CARR_Maersk,2025-11-10,2025-11-12T14:10:03.038088,DC-06,Apparel,1.9558271488648702,0.6638285277606393,51627.59,48063.47,48943.59,49187.77,True,False
PO_000184,SUP_TOYS_01,CN_Shenzhen,OAK,CONT_000184,CARR_MSC,2025-11-13,2025-11-15T18:23:34.833062,DC-03,Accessories,2.4275852163011895,0.6395243292010562,86934.75,48252.62,51570.25,47314.35,False,True
PO_000185,SUP_GEN_02,VN_HoChiMinh,SEA,CONT_000185,CARR_COSCO,2025-11-19,2025-11-22T08:46:07.222368,DC-03,Apparel,2.2548804374640934,0.6946335281242035,94850.17,40649.91,42799.26,40991.4,True,False
PO_000186,SUP_GEN_02,VN_HoChiMinh,OAK,CONT_000186,CARR_Maersk,2025-11-10,2025-11-13T14:53:42.235170,DC-08,Beauty,2.4157641249920085,0.6808319367550045,33233.47,49682.14,52440.81,51691.08,False,True
PO_000187,SUP_TOYS_01,CN_Shenzhen,OAK,CONT_000187,CARR_COSCO,2025-11-15,2025-11-17T23:40:44.176599,DC-08,Toys,1.345264215856167,0.5255978262867772,49122.7,70165.51,72173.19,73132.5,False,True
PO_000188,SUP_GEN_02,VN_HoChiMinh,SEA,CONT_000188,CARR_Maersk,2025-11-11,2025-11-13T17:16:55.074204,DC-07,Chargers,1.1714340593218306,0.24297699914956905,118430.52,57022.64,56828.99,60246.28,True,True
PO_000189,SUP_GEN_02,VN_HoChiMinh,SEA,CONT_000189,CARR_ONE,2025-11-18,2025-11-20T21:04:07.846172,DC-08,Home,1.8042831705280138,0.43825297201759594,114747.97,70128.27,72556.98,71478.77,False,True
PO_000190,SUP_GEN_01,CN_Shanghai,OAK,CONT_000190,CARR_ONE,2025-11-15,2025-11-17T19:08:59.736848,DC-06,Beauty,1.4923358084348377,0.4697599868087087,96059.45,86547.29,89735.74,87761.16,False,True
PO_000191,SUP_TOYS_01,CN_Shanghai,SEA,CONT_000191,CARR_MSC,2025-11-13,2025-11-16T20:28:37.652460,DC-09,Home,1.6908626990253373,0.4123772270302779,73258.44,44881.97,44688.11,48527.11,True,False
PO_000192,SUP_TOYS_01,CN_Shenzhen,SEA,CONT_000192,CARR_COSCO,2025-11-17,2025-11-20T17:37:24.804335,DC-09,Electronics,2.4982987348761685,0.7996250813227879,54850.91,67571.26,70902.75,69068.51,False,False
PO_000193,SUP_TOYS_01,KR_Busan,OAK,CONT_000193,CARR_Maersk,2025-11-20,2025-11-22T14:47:41.328173,DC-07,Apparel,1.919438830288487,0.5614755180048827,38648.43,80738.32,80598.21,80744.99,True,False
PO_000194,SUP_GEN_02,KR_Busan,OAK,CONT_000194,CARR_Maersk,2025-11-14,2025-11-16T14:36:41.371692,DC-03,Electronics,2.0980482513313072,0.46919101751053927,45481.88,46438.66,47489.36,45735.52,False,False
PO_000195,SUP_TOYS_01,VN_HoChiMinh,OAK,CONT_000195,CARR_COSCO,2025-11-11,2025-11-14T17:52:16.237437,DC-01,Chargers,2.253104387200377,0.890973695523918,88302.37,81969.15,82430.97,85807.05,False,False
PO_000196,SUP_ELEC_01,VN_HoChiMinh,SEA,CONT_000196,CARR_COSCO,2025-11-15,2025-11-18T14:36:37.166641,DC-09,Apparel,1.4956891688963476,0.7825623253370688,86812.01,59550.73,59519.4,62313.85,False,True
PO_000197,SUP_TOYS_01,CN_Shanghai,SEA,CONT_000197,CARR_ONE,2025-11-18,2025-11-21T16:19:54.501524,DC-03,Home,1.1694504696752157,0.3862417347114176,102603.36,67209.41,68358.15,67173.79,False,True
PO_000198,SUP_GEN_01,VN_HoChiMinh,SEA,CONT_000198,CARR_COSCO,2025-11-15,2025-11-17T16:09:26.866112,DC-01,Home,1.650922552699915,0.2639713773684247,82801.45,47220.53,50228.14,49514.52,False,True
PO_000199,SUP_GEN_01,VN_HoChiMinh,OAK,CONT_000199,CARR_ONE,2025-11-13,2025-11-16T22:51:44.404660,DC-03,Home,2.0359074213607604,0.7946854941894987,23697.44,89695.56,90409.65,91886.68,False,False
PO_000200,SUP_GEN_01,CN_Shenzhen,OAK,CONT_000200,CARR_ONE,2025-11-20,2025-11-22T15:15:47.935756,DC-02,Apparel,2.115923623387184,0.7857968044511086,96667.23,69795.6,69333.98,69311.81,False,True
PO_000201,SUP_ELEC_01,KR_Busan,SEA,CONT_000201,CARR_Maersk,2025-11-16,2025-11-18T22:08:30.635822,DC-01,Apparel,1.6404860646248747,0.6204845739951004,111400.24,74518.59,77046.31,77994.72,True,True
PO_000202,SUP_ELEC_02,KR_Busan,OAK,CONT_000202,CARR_ONE,2025-11-13,2025-11-16T14:55:01.648147,DC-10,Accessories,1.350791179514777,0.21719710809857742,117812.94,88449.18,87907.3,90033.04,False,False
PO_000203,SUP_TOYS_01,VN_HoChiMinh,OAK,CONT_000203,CARR_ONE,2025-11-16,2025-11-19T20:30:36.616155,DC-09,Apparel,1.9047052409123273,0.44281556344054507,111772.36,76338.78,76808.55,76687.61,False,False
PO_000204,SUP_TOYS_01,VN_HoChiMinh,OAK,CONT_000204,CARR_Maersk,2025-11-10,2025-11-12T23:35:41.933341,DC-03,Electronics,1.8723045401718708,0.34761143395162214,88787.28,73612.89,76273.51,75487.67,True,False
PO_000205,SUP_ELEC_01,CN_Shanghai,SEA,CONT_000205,CARR_ONE,2025-11-13,2025-11-15T23:21:50.549907,DC-01,Beauty,1.6720027733332068,0.2280781353325374,39836.83,52871.08,52882.05,54605.5,True,False
PO_000206,SUP_GEN_02,CN_Shenzhen,OAK,CONT_000206,CARR_ONE,2025-11-17,2025-11-19T13:23:39.433293,DC-02,Electronics,2.452126380716596,0.25795127123417483,54798.06,77292.92,80141.57,80721.68,False,True
PO_000207,SUP_GEN_01,KR_Busan,SEA,CONT_000207,CARR_ONE,2025-11-10,2025-11-13T13:17:45.634808,DC-09,Home,1.4652434406861907,0.6718867066984062,15793.61,40139.24,40518.29,42221.97,False,True
PO_000208,SUP_GEN_01,KR_Busan,OAK,CONT_000208,CARR_ONE,2025-11-14,2025-11-16T18:54:33.479339,DC-10,Apparel,1.820090264828032,0.8844595436600573,49901.39,66562.32,67385.02,66352.63,False,True
PO_000209,SUP_ELEC_02,CN_Shenzhen,SEA,CONT_000209,CARR_ONE,2025-11-15,2025-11-18T12:46:21.760816,DC-04,Home,1.0793257573216244,0.3076741565700188,61643.96,61788.98,64759.45,60929.84,True,False
PO_000210,SUP_GEN_01,VN_HoChiMinh,SEA,CONT_000210,CARR_Maersk,2025-11-15,2025-11-17T21:15:41.771426,DC-08,Chargers,1.345899273305225,0.5601155805921334,70478.57,56329.38,55879.85,56887.19,True,True
PO_000211,SUP_ELEC_01,VN_HoChiMinh,SEA,CONT_000211,CARR_Maersk,2025-11-17,2025-11-20T21:07:50.897127,DC-01,Home,1.2104013748603557,0.24902739504464969,104040.02,49306.73,49489.07,53238.22,False,False
PO_000212,SUP_GEN_01,KR_Busan,SEA,CONT_000212,CARR_MSC,2025-11-16,2025-11-19T20:37:35.083638,DC-01,Electronics,1.373218286446528,0.8212490955681591,87530.27,76329.67,79367.17,79673.54,True,False
PO_000213,SUP_GEN_01,CN_Shenzhen,SEA,CONT_000213,CARR_Maersk,2025-11-15,2025-11-18T07:02:03.844575,DC-04,Apparel,2.422134876468343,0.47141554648359846,81449.52,46038.77,45211.43,46213.41,True,True
PO_000214,SUP_ELEC_02,CN_Shenzhen,SEA,CONT_000214,CARR_MSC,2025-11-16,2025-11-19T16:01:08.759073,DC-10,Home,1.9477104517531199,0.49327198909462383,40955.7,58568.86,61687.96,62272.97,True,False
PO_000215,SUP_GEN_02,CN_Shenzhen,OAK,CONT_000215,CARR_MSC,2025-11-20,2025-11-22T20:27:07.107861,DC-08,Home,2.037420948550393,0.3750232326041417,52544.46,71643.66,70753.37,72429.98,True,False
PO_000216,SUP_ELEC_01,KR_Busan,SEA,CONT_000216,CARR_COSCO,2025-11-20,2025-11-23T07:13:46.107640,DC-01,Chargers,1.2490586259197851,0.435678939412956,96365.81,74804.05,77240.06,78677.66,False,False
PO_000217,SUP_GEN_02,CN_Shenzhen,OAK,CONT_000217,CARR_Maersk,2025-11-12,2025-11-15T00:09:38.575314,DC-04,Home,1.2503732853516631,0.8224541693247212,29430.25,69851.01,72873.34,69373.92,True,True
PO_000218,SUP_GEN_01,KR_Busan,SEA,CONT_000218,CARR_Maersk,2025-11-16,2025-11-19T17:32:06.037978,DC-06,Toys,1.4379713521773092,0.6539597383684141,49219.09,76621.39,79701.09,79329.26,False,True
PO_000219,SUP_GEN_01,CN_Shanghai,SEA,CONT_000219,CARR_COSCO,2025-11-13,2025-11-16T00:32:45.973902,DC-10,Home,1.7118277052026354,0.7416968629589651,38193.1,44844.33,48427.52,47065.09,True,True
PO_000220,SUP_TOYS_01,VN_HoChiMinh,OAK,CONT_000220,CARR_MSC,2025-11-12,2025-11-15T05:09:24.131133,DC-10,Home,1.2132079697454037,0.2765149556722527,79723.11,60280.93,63719.88,61608.33,True,True
PO_000221,SUP_ELEC_01,CN_Shanghai,OAK,CONT_000221,CARR_Maersk,2025-11-20,2025-11-23T08:43:02.359030,DC-09,Beauty,1.9466159318288514,0.761596347587816,114446.86,51624.2,51965.14,52930.4,False,False
PO_000222,SUP_ELEC_02,VN_HoChiMinh,SEA,CONT_000222,CARR_ONE,2025-11-20,2025-11-22T20:50:01.911175,DC-10,Electronics,1.8710183897015635,0.2933303768118251,60280.69,77374.75,79147.83,77751.79,False,True
PO_000223,SUP_ELEC_01,CN_Shenzhen,OAK,CONT_000223,CARR_MSC,2025-11-13,2025-11-15T17:08:55.972694,DC-08,Electronics,1.557946172956241,0.3279925600722644,32976.54,61149.74,61432.43,63193.92,False,False
PO_000224,SUP_GEN_02,CN_Shanghai,OAK,CONT_000224,CARR_COSCO,2025-11-15,2025-11-18T07:52:01.950201,DC-09,Electronics,1.0441878035164245,0.26388682116935275,48611.51,79290.8,79396.45,82250.66,True,True
PO_000225,SUP_ELEC_01,CN_Shanghai,SEA,CONT_000225,CARR_COSCO,2025-11-11,2025-11-14T20:50:06.480822,DC-03,Chargers,2.2062357674223083,0.6264468740448694,85567.28,51570.81,51584.6,51656.77,False,False
PO_000226,SUP_GEN_01,CN_Shanghai,OAK,CONT_000226,CARR_ONE,2025-11-18,2025-11-21T14:15:41.634132,DC-09,Accessories,1.9198906435250347,0.5651903309783741,26400.55,72475.46,76203.15,75735.62,True,False
PO_000227,SUP_TOYS_01,CN_Shenzhen,OAK,CONT_000227,CARR_COSCO,2025-11-17,2025-11-20T20:47:08.631884,DC-02,Home,1.031090445401496,0.4606976211986854,106769.99,82123.06,83404.79,82515.29,False,False
PO_000228,SUP_TOYS_01,CN_Shanghai,SEA,CONT_000228,CARR_Maersk,2025-11-14,2025-11-16T20:29:37.059353,DC-01,Toys,1.8553448453888532,0.34106195871390627,108276.91,86685.05,85825.1,87623.4,True,True
PO_000229,SUP_ELEC_01,CN_Shenzhen,OAK,CONT_000229,CARR_Maersk,2025-11-19,2025-11-21T20:21:43.212899,DC-09,Chargers,2.402419792665286,0.34115020923541506,46114.54,53515.8,57161.93,53555.58,True,False
PO_000230,SUP_GEN_02,CN_Shenzhen,SEA,CONT_000230,CARR_COSCO,2025-11-10,2025-11-13T08:47:08.565241,DC-01,Toys,1.7592133303535296,0.8588380881419324,92272.34,66211.13,65420.42,68728.58,True,False
PO_000231,SUP_ELEC_01,CN_Shenzhen,SEA,CONT_000231,CARR_ONE,2025-11-13,2025-11-16T10:54:56.420076,DC-07,Beauty,1.3367966817031434,0.5037306638649213,82024.66,58624.89,60847.82,61200.87,True,False
PO_000232,SUP_ELEC_01,CN_Shanghai,SEA,CONT_000232,CARR_ONE,2025-11-19,2025-11-22T09:21:51.988177,DC-03,Apparel,1.9839592310525722,0.8591874106774644,104985.4,40079.24,41355.17,39371.89,True,True
PO_000233,SUP_GEN_02,VN_HoChiMinh,SEA,CONT_000233,CARR_Maersk,2025-11-15,2025-11-18T00:56:06.828946,DC-09,Apparel,2.3506346857516185,0.7681396335954982,106342.03,88654.32,88976.14,87771.98,False,True
PO_000234,SUP_GEN_02,CN_Shenzhen,OAK,CONT_000234,CARR_Maersk,2025-11-14,2025-11-16T21:37:10.461833,DC-03,Chargers,2.323636675794697,0.2591238066006456,13125.03,70204.5,70120.84,71566.41,True,True
PO_000235,SUP_ELEC_01,CN_Shenzhen,SEA,CONT_000235,CARR_MSC,2025-11-17,2025-11-20T02:54:42.409375,DC-01,Beauty,1.5288049293167358,0.5684960395223438,117631.54,61029.96,61573.16,60526.84,True,False
PO_000236,SUP_GEN_02,CN_Shenzhen,SEA,CONT_000236,CARR_MSC,2025-11-14,2025-11-17T05:01:06.354975,DC-03,Chargers,2.152921245036781,0.5492631249208706,51402.06,49618.07,48650.52,52067.63,False,True
PO_000237,SUP_GEN_01,VN_HoChiMinh,SEA,CONT_000237,CARR_Maersk,2025-11-18,2025-11-21T12:11:39.929532,DC-05,Home,1.6045879888173558,0.3689042753480769,103054.32,69850.11,73516.47,73005.23,False,False
PO_000238,SUP_ELEC_01,CN_Shanghai,OAK,CONT_000238,CARR_MSC,2025-11-17,2025-11-19T15:29:12.107753,DC-02,Accessories,1.697809431998307,0.20188099802419912,66597.08,50656.46,51591.46,49806.44,True,False
PO_000239,SUP_GEN_01,CN_Shanghai,OAK,CONT_000239,CARR_ONE,2025-11-15,2025-11-17T19:43:32.625298,DC-10,Chargers,2.207493909785113,0.22297480836269576,112083.58,74958.85,74287.87,78143.15,False,False
PO_000240,SUP_TOYS_01,CN_Shanghai,OAK,CONT_000240,CARR_COSCO,2025-11-18,2025-11-21T06:09:01.486808,DC-09,Electronics,2.2212604144532833,0.41027550362874265,93394.67,58089.18,61117.94,57158.4,True,False
PO_000241,SUP_GEN_02,VN_HoChiMinh,SEA,CONT_000241,CARR_Maersk,2025-11-10,2025-11-13T19:47:11.216538,DC-09,Home,1.2404139687706488,0.5982185052099441,10881.37,66948.32,67451.91,67498.68,False,False
PO_000242,SUP_GEN_02,CN_Shanghai,SEA,CONT_000242,CARR_Maersk,2025-11-20,2025-11-22T14:17:45.372752,DC-06,Beauty,1.2196893263036892,0.45722212140953966,87293.3,53981.88,55179.17,53150.15,True,False
PO_000243,SUP_ELEC_01,CN_Shanghai,OAK,CONT_000243,CARR_ONE,2025-11-10,2025-11-13T23:48:03.959018,DC-03,Chargers,1.084763936845471,0.24281079369288036,64791.54,69479.07,72493.22,70322.35,True,False
PO_000244,SUP_ELEC_02,CN_Shenzhen,OAK,CONT_000244,CARR_COSCO,2025-11-17,2025-11-20T21:43:48.164143,DC-06,Apparel,1.0388037572734676,0.8419413524653154,86528.46,67239.57,67065.78,69639.81,False,False
PO_000245,SUP_TOYS_01,CN_Shenzhen,OAK,CONT_000245,CARR_COSCO,2025-11-14,2025-11-16T22:42:15.511745,DC-04,Home,2.4149259478336944,0.49029129189821,77710.1,59375.56,59079.66,62598.54,True,False
PO_000246,SUP_ELEC_01,CN_Shenzhen,OAK,CONT_000246,CARR_COSCO,2025-11-16,2025-11-19T03:11:58.766253,DC-09,Home,1.9913213739075075,0.6258427936883388,44057.66,44804.5,47959.72,47541.45,True,False
PO_000247,SUP_GEN_02,CN_Shenzhen,SEA,CONT_000247,CARR_MSC,2025-11-17,2025-11-19T13:26:29.724592,DC-07,Toys,2.218514299190496,0.7606811727693716,37230.73,68007.73,70467.42,69978.22,True,False
PO_000248,SUP_ELEC_01,CN_Shenzhen,SEA,CONT_000248,CARR_MSC,2025-11-11,2025-11-14T13:48:46.323836,DC-04,Apparel,1.915848659650832,0.797673172045676,75063.65,48638.46,50223.7,51542.38,False,False
PO_000249,SUP_GEN_01,KR_Busan,SEA,CONT_000249,CARR_MSC,2025-11-20,2025-11-22T20:24:10.525870,DC-02,Apparel,2.4454549616927235,0.34314513503440225,22564.94,46855.34,49776.8,46601.4,True,True
PO_000250,SUP_GEN_02,CN_Shanghai,SEA,CONT_000250,CARR_ONE,2025-11-18,2025-11-21T16:00:32.598088,DC-09,Toys,2.075202683899838,0.7439073769346463,87875.44,89835.27,88941.29,89313.66,True,True
PO_000251,SUP_GEN_01,CN_Shenzhen,OAK,CONT_000251,CARR_MSC,2025-11-13,2025-11-16T22:25:52.049921,DC-08,Apparel,1.5249508924572064,0.5136502998526589,28768.79,56270.19,59972.21,58878.43,True,True
PO_000252,SUP_GEN_02,CN_Shanghai,SEA,CONT_000252,CARR_Maersk,2025-11-16,2025-11-18T12:06:12.893160,DC-10,Chargers,1.8092955147394423,0.6196886350829705,20626.79,47620.1,50253.89,49455.36,False,False
PO_000253,SUP_GEN_02,CN_Shanghai,OAK,CONT_000253,CARR_COSCO,2025-11-19,2025-11-21T16:46:26.580403,DC-05,Accessories,1.2235428404734554,0.880005136558681,106831.41,82619.38,82296.16,85354.26,False,False
PO_000254,SUP_TOYS_01,VN_HoChiMinh,OAK,CONT_000254,CARR_Maersk,2025-11-13,2025-11-16T12:52:03.254399,DC-03,Toys,1.8570861446152416,0.8676194515323972,29926.89,67030.84,66983.47,68819.35,False,True
PO_000255,SUP_GEN_01,CN_Shanghai,OAK,CONT_000255,CARR_Maersk,2025-11-20,2025-11-23T07:54:53.061146,DC-09,Toys,1.759818399906249,0.8243871791073547,93359.1,42770.34,45327.13,42661.37,False,False
PO_000256,SUP_ELEC_01,CN_Shanghai,OAK,CONT_000256,CARR_Maersk,2025-11-11,2025-11-13T22:11:24.486527,DC-09,Electronics,1.592176960419794,0.7809862719597753,114695.6,44706.58,47112.01,48559.26,False,True
PO_000257,SUP_ELEC_02,VN_HoChiMinh,SEA,CONT_000257,CARR_Maersk,2025-11-15,2025-11-17T13:10:26.600132,DC-09,Chargers,1.0037439440065736,0.3257895242532524,43750.02,71805.61,75021.52,72870.26,False,False
PO_000258,SUP_ELEC_01,KR_Busan,SEA,CONT_000258,CARR_Maersk,2025-11-18,2025-11-21T17:27:36.079599,DC-07,Apparel,1.7793213117140734,0.409855032906988,88496.0,50617.41,53930.85,52447.98,True,False
PO_000259,SUP_GEN_02,VN_HoChiMinh,SEA,CONT_000259,CARR_ONE,2025-11-16,2025-11-18T23:07:01.517286,DC-08,Beauty,1.8726809335766137,0.5640620209877301,38316.73,58988.56,59923.93,60700.55,True,False
PO_000260,SUP_ELEC_01,CN_Shenzhen,SEA,CONT_000260,CARR_MSC,2025-11-12,2025-11-15T23:23:55.220169,DC-10,Electronics,1.7112676366049178,0.5444747962005339,107349.31,72073.41,71596.21,72265.02,True,True
PO_000261,SUP_ELEC_01,CN_Shanghai,SEA,CONT_000261,CARR_ONE,2025-11-17,2025-11-20T22:00:45.205646,DC-07,Beauty,2.497525980315952,0.2131170742482738,32388.65,71618.27,73484.32,71651.17,False,False
PO_000262,SUP_TOYS_01,KR_Busan,OAK,CONT_000262,CARR_Maersk,2025-11-18,2025-11-20T13:45:11.473459,DC-04,Apparel,1.5272084653106148,0.77882344979722,17488.14,68635.5,70914.47,68932.42,True,False
PO_000263,SUP_TOYS_01,KR_Busan,OAK,CONT_000263,CARR_Maersk,2025-11-11,2025-11-14T03:44:05.674113,DC-08,Accessories,1.530811839594949,0.6500692877552805,36617.33,65353.46,68842.45,65565.99,True,False
PO_000264,SUP_ELEC_02,CN_Shanghai,SEA,CONT_000264,CARR_ONE,2025-11-16,2025-11-19T22:35:19.471964,DC-10,Electronics,2.076747267673399,0.5648405267978518,118685.29,60603.53,64514.48,64451.56,True,True
PO_000265,SUP_ELEC_01,VN_HoChiMinh,SEA,CONT_000265,CARR_ONE,2025-11-17,2025-11-19T14:54:36.016157,DC-01,Chargers,1.2167821202111653,0.32392407905789045,60048.23,76022.68,75627.79,78214.34,True,False
PO_000266,SUP_GEN_01,CN_Shanghai,OAK,CONT_000266,CARR_MSC,2025-11-14,2025-11-16T19:29:09.691470,DC-01,Home,1.5217903307513432,0.34297308984293856,54288.96,65340.21,64835.46,66464.31,False,True
PO_000267,SUP_GEN_01,CN_Shanghai,OAK,CONT_000267,CARR_MSC,2025-11-14,2025-11-17T03:15:43.046998,DC-02,Accessories,1.958146603840164,0.88561499540127,50148.43,61634.78,63905.29,60991.81,True,True
PO_000268,SUP_GEN_02,VN_HoChiMinh,OAK,CONT_000268,CARR_COSCO,2025-11-13,2025-11-16T04:56:56.106838,DC-04,Apparel,1.634818079513564,0.6464027789921933,34013.43,47678.65,48446.17,48007.37,False,True
PO_000269,SUP_ELEC_02,KR_Busan,OAK,CONT_000269,CARR_Maersk,2025-11-12,2025-11-14T12:45:53.918748,DC-02,Apparel,1.8595074287945184,0.6399749068111851,77954.53,69994.32,70837.26,73760.52,True,False
PO_000270,SUP_GEN_01,KR_Busan,OAK,CONT_000270,CARR_Maersk,2025-11-17,2025-11-19T15:00:00.906348,DC-06,Chargers,1.6833960194961912,0.49453977468680116,50504.73,78475.69,80796.37,80288.86,True,True
PO_000271,SUP_ELEC_02,VN_HoChiMinh,SEA,CONT_000271,CARR_COSCO,2025-11-19,2025-11-21T20:17:08.357325,DC-10,Electronics,1.5320234761070022,0.7323530116558086,19843.57,48024.35,50670.59,48328.93,False,False
PO_000272,SUP_GEN_01,VN_HoChiMinh,SEA,CONT_000272,CARR_MSC,2025-11-17,2025-11-20T09:21:06.423579,DC-06,Accessories,1.7055115478484397,0.6065394165323987,113942.16,79425.8,80563.69,81123.44,False,True
PO_000273,SUP_GEN_02,CN_Shenzhen,SEA,CONT_000273,CARR_COSCO,2025-11-19,2025-11-22T18:54:19.401671,DC-03,Home,1.0290809653081254,0.6459361063798775,14217.24,75037.08,76818.2,77060.62,True,False
PO_000274,SUP_GEN_02,CN_Shenzhen,SEA,CONT_000274,CARR_Maersk,2025-11-18,2025-11-21T01:52:34.178034,DC-02,Apparel,1.6540933624330214,0.23314267544430647,38340.22,76436.89,78707.35,79013.78,False,True
PO_000275,SUP_TOYS_01,CN_Shanghai,OAK,CONT_000275,CARR_Maersk,2025-11-14,2025-11-16T19:16:07.355337,DC-10,Apparel,1.8611074390024553,0.31466256072867255,35096.59,66863.93,67969.29,70465.8,True,False
PO_000276,SUP_TOYS_01,CN_Shanghai,OAK,CONT_000276,CARR_Maersk,2025-11-15,2025-11-18T22:10:02.011094,DC-07,Accessories,2.1205656250352063,0.7729450326404192,73772.16,57816.16,59847.43,57909.08,True,False
PO_000277,SUP_ELEC_02,CN_Shenzhen,SEA,CONT_000277,CARR_Maersk,2025-11-10,2025-11-13T03:18:17.603836,DC-09,Apparel,2.0008876506161144,0.2637160752535068,110238.91,87015.06,87990.83,90193.95,False,False
PO_000278,SUP_ELEC_01,VN_HoChiMinh,OAK,CONT_000278,CARR_MSC,2025-11-19,2025-11-21T12:28:21.248841,DC-04,Chargers,1.8047879824475404,0.22489041503076324,54229.88,62655.67,66109.47,64167.33,True,True
PO_000279,SUP_ELEC_02,VN_HoChiMinh,SEA,CONT_000279,CARR_ONE,2025-11-13,2025-11-16T21:43:05.518874,DC-10,Apparel,2.0516927007601127,0.3120143165966509,57612.79,40026.23,41812.88,39296.75,True,False
PO_000280,SUP_ELEC_02,CN_Shenzhen,OAK,CONT_000280,CARR_Maersk,2025-11-15,2025-11-18T20:16:18.524434,DC-04,Home,1.9801340609849036,0.5509393402458921,78116.1,89010.67,90537.05,90396.06,False,True
PO_000281,SUP_GEN_02,KR_Busan,OAK,CONT_000281,CARR_COSCO,2025-11-10,2025-11-12T19:55:40.635575,DC-01,Home,1.591356134551384,0.3661992661542375,86177.26,45665.3,48134.48,48856.28,False,True
PO_000282,SUP_ELEC_02,VN_HoChiMinh,SEA,CONT_000282,CARR_COSCO,2025-11-11,2025-11-14T08:09:23.835244,DC-08,Accessories,1.4065060296570115,0.5132617727334268,34314.5,57306.34,56709.19,57898.92,False,False
PO_000283,SUP_ELEC_01,CN_Shenzhen,SEA,CONT_000283,CARR_MSC,2025-11-14,2025-11-17T15:56:03.787744,DC-04,Apparel,1.03708698305861,0.2559757369417637,45807.86,46576.15,48871.99,50008.94,False,False
PO_000284,SUP_ELEC_01,KR_Busan,OAK,CONT_000284,CARR_ONE,2025-11-14,2025-11-17T05:06:53.975818,DC-03,Toys,2.499813385874345,0.2665331015059135,66856.84,67610.68,69496.91,67001.34,False,True
PO_000285,SUP_ELEC_01,KR_Busan,OAK,CONT_000285,CARR_Maersk,2025-11-14,2025-11-17T16:41:59.140032,DC-05,Electronics,1.3401583059574418,0.2775303197574179,60903.5,53346.45,55257.95,54499.06,False,False
PO_000286,SUP_ELEC_01,VN_HoChiMinh,OAK,CONT_000286,CARR_ONE,2025-11-12,2025-11-14T14:40:31.615337,DC-09,Electronics,1.72098192520585,0.23781374876351635,57913.71,48433.51,51746.12,51467.92,False,False
PO_000287,SUP_GEN_02,CN_Shanghai,OAK,CONT_000287,CARR_MSC,2025-11-16,2025-11-19T00:34:32.193352,DC-08,Home,1.072756310223417,0.630058569092294,23025.75,67511.83,69305.79,67499.87,False,False
PO_000288,SUP_TOYS_01,CN_Shanghai,OAK,CONT_000288,CARR_MSC,2025-11-18,2025-11-20T23:42:00.141403,DC-05,Chargers,1.9443264333743846,0.6356446134538778,89300.21,40767.78,42933.57,44706.4,False,True
PO_000289,SUP_GEN_02,CN_Shanghai,SEA,CONT_000289,CARR_Maersk,2025-11-17,2025-11-20T11:00:25.100909,DC-06,Home,1.0096043148092293,0.8661972379900529,65450.04,85617.08,84959.12,87036.84,False,False
PO_000290,SUP_ELEC_01,CN_Shenzhen,SEA,CONT_000290,CARR_COSCO,2025-11-16,2025-11-19T09:22:54.724196,DC-07,Electronics,1.2409711496708098,0.21963247290959623,96422.64,50459.82,53054.75,53245.51,False,False
PO_000291,SUP_GEN_02,CN_Shenzhen,OAK,CONT_000291,CARR_ONE,2025-11-19,2025-11-22T16:54:19.997517,DC-10,Apparel,1.4645847902008189,0.8252838200203723,35732.52,81654.38,82548.36,84762.08,False,True
PO_000292,SUP_TOYS_01,VN_HoChiMinh,OAK,CONT_000292,CARR_COSCO,2025-11-14,2025-11-17T11:50:12.646883,DC-04,Accessories,1.720732973066921,0.4500688825562353,11302.84,81258.25,84629.22,81088.28,False,True
PO_000293,SUP_GEN_02,CN_Shenzhen,SEA,CONT_000293,CARR_COSCO,2025-11-15,2025-11-18T15:24:13.153013,DC-03,Chargers,2.0055019042043236,0.6753631695153913,112448.36,41824.17,44810.7,41907.72,True,False
PO_000294,SUP_ELEC_01,CN_Shanghai,SEA,CONT_000294,CARR_Maersk,2025-11-18,2025-11-20T20:34:33.646798,DC-02,Beauty,1.4622699280761968,0.33092519629567113,80326.64,48348.39,50783.74,49855.8,False,False
PO_000295,SUP_GEN_02,CN_Shanghai,SEA,CONT_000295,CARR_Maersk,2025-11-18,2025-11-21T07:49:47.611479,DC-03,Beauty,1.5771697310059791,0.34139514012428174,96280.55,50246.02,54048.33,51343.74,True,True
PO_000296,SUP_TOYS_01,VN_HoChiMinh,SEA,CONT_000296,CARR_ONE,2025-11-17,2025-11-20T07:17:20.753122,DC-02,Accessories,1.2061667277394408,0.6911286813248911,94093.95,61854.75,60930.33,63180.63,False,False
PO_000297,SUP_ELEC_01,VN_HoChiMinh,SEA,CONT_000297,CARR_MSC,2025-11-14,2025-11-17T10:01:01.756724,DC-09,Beauty,1.759519691510645,0.29561814544315035,57942.75,84327.82,87084.58,85573.48,True,False
PO_000298,SUP_ELEC_02,KR_Busan,SEA,CONT_000298,CARR_Maersk,2025-11-20,2025-11-23T07:54:29.478310,DC-05,Home,2.0188753154807317,0.7831121252596767,14381.91,65938.03,65033.8,66399.89,False,True
PO_000299,SUP_TOYS_01,VN_HoChiMinh,SEA,CONT_000299,CARR_MSC,2025-11-17,2025-11-20T00:15:51.757607,DC-10,Electronics,1.356652411574737,0.7729524364387084,40156.59,53940.87,56370.8,56295.91,True,False
PO_000300,SUP_ELEC_01,CN_Shenzhen,OAK,CONT_000300,CARR_MSC,2025-11-16,2025-11-19T04:54:22.482375,DC-10,Accessories,1.6282889065890087,0.5730494216830544,46339.83,66204.48,68897.93,65862.8,True,False
PO_000301,SUP_ELEC_01,CN_Shenzhen,OAK,CONT_000301,CARR_MSC,2025-11-15,2025-11-18T07:19:33.639383,DC-02,Apparel,2.184098692058374,0.6666808599406234,61917.83,66238.62,69594.01,66852.9,True,False
PO_000302,SUP_GEN_02,KR_Busan,OAK,CONT_000302,CARR_MSC,2025-11-20,2025-11-23T00:29:50.180428,DC-01,Electronics,2.2354720745314944,0.46404127981802573,108267.77,87158.42,91092.28,87065.62,True,False
PO_000303,SUP_ELEC_01,VN_HoChiMinh,SEA,CONT_000303,CARR_Maersk,2025-11-13,2025-11-16T05:48:52.422633,DC-09,Accessories,1.5240212583417967,0.40647371497979656,56757.94,72737.25,74700.93,75070.51,False,False
PO_000304,SUP_GEN_01,CN_Shanghai,OAK,CONT_000304,CARR_MSC,2025-11-12,2025-11-14T18:44:40.231497,DC-04,Apparel,1.2318094337056142,0.4723454235243688,102149.49,76837.84,76657.16,77905.95,True,True
PO_000305,SUP_GEN_02,KR_Busan,SEA,CONT_000305,CARR_ONE,2025-11-10,2025-11-12T18:09:45.434308,DC-06,Toys,2.197547066796141,0.3641391922148562,86775.96,74515.58,78296.88,78241.43,True,False
PO_000306,SUP_TOYS_01,CN_Shanghai,OAK,CONT_000306,CARR_Maersk,2025-11-15,2025-11-17T22:13:10.994362,DC-01,Accessories,2.1609599555465104,0.8751741796838037,22653.75,85300.1,88631.15,88719.8,False,True
PO_000307,SUP_ELEC_02,KR_Busan,OAK,CONT_000307,CARR_Maersk,2025-11-13,2025-11-16T17:33:00.659031,DC-06,Electronics,1.3986132111869252,0.328572895748237,19185.36,49598.21,49661.56,53166.68,False,False
PO_000308,SUP_GEN_01,VN_HoChiMinh,OAK,CONT_000308,CARR_COSCO,2025-11-15,2025-11-18T13:36:35.639312,DC-01,Accessories,2.0612733375430325,0.6094770240401584,103338.73,46468.69,48401.66,46576.3,False,True
PO_000309,SUP_TOYS_01,KR_Busan,OAK,CONT_000309,CARR_COSCO,2025-11-12,2025-11-14T14:45:59.614529,DC-04,Accessories,1.1284000036355253,0.2979929728874534,23942.97,44812.09,45135.9,47715.18,True,False
PO_000310,SUP_GEN_01,VN_HoChiMinh,SEA,CONT_000310,CARR_Maersk,2025-11-13,2025-11-16T01:12:35.290422,DC-03,Electronics,2.4238730849634766,0.5394140751549105,57409.5,69515.09,73032.84,71119.31,False,False
PO_000311,SUP_TOYS_01,CN_Shenzhen,SEA,CONT_000311,CARR_COSCO,2025-11-12,2025-11-15T03:41:10.914266,DC-08,Electronics,1.7283558018513892,0.24452117456249084,61488.51,54558.39,53652.47,54082.53,False,False
PO_000312,SUP_GEN_01,KR_Busan,SEA,CONT_000312,CARR_COSCO,2025-11-16,2025-11-18T14:16:32.610489,DC-10,Accessories,1.7238526536008625,0.401289021164105,74824.51,41920.84,41159.86,45802.19,True,False
PO_000313,SUP_ELEC_02,VN_HoChiMinh,SEA,CONT_000313,CARR_MSC,2025-11-15,2025-11-18T15:34:03.360968,DC-02,Home,1.533657534063395,0.397417084532235,47654.19,89343.98,91182.49,88469.76,False,False
PO_000314,SUP_GEN_02,KR_Busan,SEA,CONT_000314,CARR_MSC,2025-11-17,2025-11-20T13:06:33.732552,DC-05,Home,1.0952975845917945,0.3867783543436981,35302.25,87241.88,87431.91,88959.91,True,False
PO_000315,SUP_ELEC_01,CN_Shanghai,SEA,CONT_000315,CARR_Maersk,2025-11-10,2025-11-12T21:10:57.606844,DC-06,Apparel,2.448145146505119,0.7515155688980186,119113.9,68951.14,71736.81,71911.83,False,False
PO_000316,SUP_ELEC_02,VN_HoChiMinh,SEA,CONT_000316,CARR_Maersk,2025-11-20,2025-11-22T15:46:38.027881,DC-04,Toys,1.1341747903125086,0.5564580110435519,103677.97,74502.52,76741.12,76308.52,True,True
PO_000317,SUP_ELEC_02,VN_HoChiMinh,OAK,CONT_000317,CARR_COSCO,2025-11-17,2025-11-20T09:57:32.194298,DC-07,Chargers,1.6241486055482175,0.5088411903943368,59303.88,67200.88,68810.01,67590.54,True,True
PO_000318,SUP_ELEC_01,CN_Shanghai,OAK,CONT_000318,CARR_COSCO,2025-11-11,2025-11-13T20:29:30.972438,DC-06,Home,1.465360443386239,0.3802745331141726,115416.32,62537.17,61797.3,61607.28,False,True
PO_000319,SUP_ELEC_02,CN_Shenzhen,OAK,CONT_000319,CARR_Maersk,2025-11-16,2025-11-19T02:32:01.029992,DC-02,Electronics,1.1179701151136134,0.8344717784499374,55019.04,78583.29,81065.21,79453.86,True,True
PO_000320,SUP_ELEC_01,VN_HoChiMinh,OAK,CONT_000320,CARR_MSC,2025-11-19,2025-11-22T03:12:33.633822,DC-09,Electronics,1.6242630310876671,0.8373169259488149,10615.23,66836.57,66628.11,66654.53,False,False
PO_000321,SUP_ELEC_02,CN_Shenzhen,SEA,CONT_000321,CARR_ONE,2025-11-15,2025-11-18T09:40:16.701234,DC-01,Apparel,1.5309354104245727,0.45642520028903055,32145.93,71064.97,73260.78,72095.76,False,False
PO_000322,SUP_ELEC_01,KR_Busan,SEA,CONT_000322,CARR_COSCO,2025-11-10,2025-11-13T23:56:15.120009,DC-03,Apparel,1.3640495739981116,0.861230395231573,91019.62,51533.57,50653.96,53596.02,False,True
PO_000323,SUP_GEN_02,CN_Shanghai,SEA,CONT_000323,CARR_MSC,2025-11-13,2025-11-16T19:27:06.904102,DC-03,Toys,2.166132529182415,0.5477243911959326,101842.18,46433.07,48183.09,45648.29,False,True
PO_000324,SUP_TOYS_01,VN_HoChiMinh,SEA,CONT_000324,CARR_ONE,2025-11-13,2025-11-15T19:36:09.280379,DC-07,Accessories,1.9750420136515154,0.6657747300212048,30780.33,84389.42,86746.39,84846.24,False,True
PO_000325,SUP_ELEC_02,VN_HoChiMinh,OAK,CONT_000325,CARR_Maersk,2025-11-15,2025-11-17T16:07:04.722210,DC-03,Electronics,1.9169024098151881,0.6157525438399587,74297.84,64633.32,64175.98,67387.94,False,True
PO_000326,SUP_TOYS_01,KR_Busan,OAK,CONT_000326,CARR_COSCO,2025-11-19,2025-11-22T00:20:58.683623,DC-07,Toys,2.3123153761458615,0.3055299332463834,110719.7,75193.41,78234.26,74753.27,True,True
PO_000327,SUP_ELEC_02,CN_Shenzhen,OAK,CONT_000327,CARR_COSCO,2025-11-16,2025-11-18T16:30:52.335963,DC-07,Beauty,1.896208307582565,0.43119992347604374,76245.58,69909.13,71254.45,70584.83,True,False
PO_000328,SUP_ELEC_01,VN_HoChiMinh,OAK,CONT_000328,CARR_Maersk,2025-11-20,2025-11-23T05:59:29.637632,DC-04,Accessories,1.7004979958026591,0.8907488257864344,115232.16,40864.04,41251.38,40001.06,True,False
PO_000329,SUP_ELEC_01,CN_Shanghai,SEA,CONT_000329,CARR_ONE,2025-11-11,2025-11-14T23:24:20.509009,DC-08,Home,1.7073099057464294,0.7403683059030868,31501.81,83967.63,85668.88,85432.35,False,False
PO_000330,SUP_TOYS_01,CN_Shenzhen,SEA,CONT_000330,CARR_COSCO,2025-11-16,2025-11-18T19:20:28.901124,DC-05,Home,2.2480720596970176,0.36933563481919496,59410.21,70284.94,71400.59,70315.24,True,False
PO_000331,SUP_ELEC_02,VN_HoChiMinh,SEA,CONT_000331,CARR_MSC,2025-11-17,2025-11-19T20:14:47.454594,DC-06,Chargers,1.2070013414723195,0.7866656028916195,44634.52,59543.67,62268.88,59039.71,True,False
PO_000332,SUP_TOYS_01,CN_Shanghai,SEA,CONT_000332,CARR_ONE,2025-11-10,2025-11-12T13:18:20.905438,DC-06,Beauty,2.2256491993068277,0.8870437583996615,114001.1,85801.82,89656.34,87014.02,True,False
PO_000333,SUP_ELEC_01,VN_HoChiMinh,SEA,CONT_000333,CARR_COSCO,2025-11-19,2025-11-22T20:41:33.826343,DC-09,Toys,1.2178330811883045,0.24316091230101633,24911.52,68312.74,67926.99,68410.5,True,False
PO_000334,SUP_GEN_02,CN_Shenzhen,OAK,CONT_000334,CARR_COSCO,2025-11-14,2025-11-17T20:45:36.891939,DC-03,Beauty,1.4270976879075663,0.4561264375619029,29191.7,66776.81,67309.3,69244.09,True,True
PO_000335,SUP_ELEC_02,CN_Shenzhen,OAK,CONT_000335,CARR_Maersk,2025-11-12,2025-11-14T19:14:53.941067,DC-07,Electronics,2.1993742398295115,0.6091306639960823,12752.3,79937.02,83254.88,82007.45,True,True
PO_000336,SUP_GEN_01,KR_Busan,OAK,CONT_000336,CARR_ONE,2025-11-18,2025-11-21T00:11:10.333104,DC-03,Home,1.7337495960978333,0.6799450819196847,28125.25,83704.75,83569.79,83866.04,True,True
PO_000337,SUP_GEN_01,VN_HoChiMinh,SEA,CONT_000337,CARR_MSC,2025-11-18,2025-11-21T03:32:35.639106,DC-02,Accessories,2.400883414290381,0.4743142144140268,22782.22,51267.82,53411.73,53854.85,True,True
PO_000338,SUP_ELEC_01,KR_Busan,OAK,CONT_000338,CARR_MSC,2025-11-13,2025-11-16T17:17:46.388697,DC-10,Home,1.2635017475646695,0.8737125945397739,76643.23,60214.47,60691.86,63820.85,True,False
PO_000339,SUP_GEN_01,KR_Busan,OAK,CONT_000339,CARR_Maersk,2025-11-14,2025-11-16T14:15:41.988379,DC-05,Electronics,2.3665004762072117,0.21638656835502532,30960.64,41382.38,43359.75,42648.19,False,True
PO_000340,SUP_TOYS_01,CN_Shanghai,SEA,CONT_000340,CARR_MSC,2025-11-20,2025-11-23T02:27:41.446338,DC-05,Electronics,1.253383432903324,0.43683676047843034,81313.16,69415.79,69091.9,70927.1,False,False
PO_000341,SUP_GEN_01,VN_HoChiMinh,SEA,CONT_000341,CARR_MSC,2025-11-19,2025-11-22T03:35:09.447715,DC-01,Apparel,1.3998803310049677,0.8682612899810422,41418.16,53224.29,57049.42,55231.73,False,True
PO_000342,SUP_TOYS_01,CN_Shanghai,SEA,CONT_000342,CARR_COSCO,2025-11-10,2025-11-13T16:49:17.353762,DC-03,Chargers,2.498837915761867,0.25669261422234946,33496.29,64369.97,66345.18,64832.9,True,True
PO_000343,SUP_ELEC_02,KR_Busan,OAK,CONT_000343,CARR_Maersk,2025-11-17,2025-11-19T23:19:03.876578,DC-02,Accessories,1.687900071168205,0.504046140128531,81033.25,84757.91,85244.27,88698.69,True,False
PO_000344,SUP_ELEC_02,CN_Shanghai,OAK,CONT_000344,CARR_COSCO,2025-11-20,2025-11-22T14:18:01.677005,DC-08,Beauty,2.0243949183950396,0.6896042464289562,67039.01,46997.21,46990.33,47654.0,True,True
PO_000345,SUP_TOYS_01,VN_HoChiMinh,OAK,CONT_000345,CARR_Maersk,2025-11-14,2025-11-16T12:02:46.802622,DC-06,Home,1.6009916898321486,0.6733686780060255,59512.04,42138.65,42128.65,43378.46,True,False
PO_000346,SUP_GEN_02,CN_Shanghai,OAK,CONT_000346,CARR_ONE,2025-11-17,2025-11-20T18:58:29.237017,DC-01,Apparel,1.9214473799318288,0.5896479984023895,12414.31,46784.93,50730.86,50423.28,False,False
PO_000347,SUP_TOYS_01,CN_Shenzhen,OAK,CONT_000347,CARR_Maersk,2025-11-14,2025-11-17T02:13:39.223732,DC-07,Apparel,1.3153150140867402,0.44736874042041086,118778.36,66391.95,68289.69,67952.68,False,False
PO_000348,SUP_ELEC_01,KR_Busan,OAK,CONT_000348,CARR_COSCO,2025-11-13,2025-11-15T17:25:06.367891,DC-03,Toys,2.4442989952698575,0.7172578807707164,103893.28,85479.99,85847.43,87299.26,False,True
PO_000349,SUP_ELEC_02,VN_HoChiMinh,SEA,CONT_000349,CARR_MSC,2025-11-13,2025-11-15T18:27:09.632113,DC-10,Home,1.2377020633333833,0.7732535026948002,79549.82,76004.4,78372.28,77584.97,False,False
PO_000350,SUP_ELEC_02,VN_HoChiMinh,OAK,CONT_000350,CARR_ONE,2025-11-10,2025-11-13T01:07:23.319151,DC-01,Chargers,2.1081937122838585,0.2832382526900696,25372.11,80756.78,82164.83,80244.4,True,False
PO_000351,SUP_TOYS_01,KR_Busan,SEA,CONT_000351,CARR_ONE,2025-11-17,2025-11-20T03:40:06.093695,DC-04,Home,1.229966136301938,0.20467544271599836,106611.74,74897.11,78787.36,76999.16,True,True
PO_000352,SUP_GEN_01,VN_HoChiMinh,OAK,CONT_000352,CARR_Maersk,2025-11-11,2025-11-13T14:24:04.275861,DC-05,Toys,1.5196995661059893,0.7742334935868211,87791.17,41990.14,44786.83,45276.05,False,True
PO_000353,SUP_GEN_01,KR_Busan,OAK,CONT_000353,CARR_MSC,2025-11-14,2025-11-17T22:06:46.037511,DC-06,Beauty,1.4654292751620166,0.4496100417620107,38359.11,70223.91,70884.62,70643.59,True,False
PO_000354,SUP_TOYS_01,KR_Busan,SEA,CONT_000354,CARR_COSCO,2025-11-11,2025-11-14T21:39:41.740608,DC-02,Accessories,1.3762777783965714,0.8351566612409789,60489.96,77622.8,79361.86,79641.66,False,True
PO_000355,SUP_GEN_02,KR_Busan,SEA,CONT_000355,CARR_COSCO,2025-11-12,2025-11-15T17:50:00.429576,DC-01,Accessories,1.1234466738445579,0.8519687655619057,113595.16,88060.66,90735.34,89725.68,False,True
PO_000356,SUP_ELEC_02,KR_Busan,OAK,CONT_000356,CARR_Maersk,2025-11-19,2025-11-22T00:08:01.208866,DC-04,Accessories,1.502411628914667,0.6149627650862698,51446.72,86796.47,90090.18,86258.95,False,False
PO_000357,SUP_ELEC_02,VN_HoChiMinh,SEA,CONT_000357,CARR_Maersk,2025-11-13,2025-11-16T10:42:03.906314,DC-07,Electronics,2.3622188212650315,0.23768290875036316,111719.93,69987.12,70734.04,69827.09,False,False
PO_000358,SUP_GEN_01,KR_Busan,OAK,CONT_000358,CARR_COSCO,2025-11-20,2025-11-23T08:00:17.312186,DC-01,Home,2.0947046543063186,0.8278079647909662,64311.43,65136.49,66756.69,66655.37,True,False
PO_000359,SUP_GEN_02,VN_HoChiMinh,OAK,CONT_000359,CARR_COSCO,2025-11-16,2025-11-18T19:32:18.652613,DC-05,Accessories,2.459493048630785,0.684318325966766,13862.7,64243.25,68081.37,67859.91,True,False
PO_000360,SUP_GEN_01,VN_HoChiMinh,SEA,CONT_000360,CARR_ONE,2025-11-14,2025-11-16T17:18:08.625616,DC-08,Beauty,1.2734800781355828,0.7284479252622267,71445.78,51090.6,52161.1,54728.21,True,True
PO_000361,SUP_GEN_02,CN_Shanghai,OAK,CONT_000361,CARR_Maersk,2025-11-11,2025-11-14T03:12:08.056923,DC-09,Beauty,1.5649799655007177,0.5597886735740965,97258.78,57602.25,56630.08,59640.42,False,True
PO_000362,SUP_ELEC_02,VN_HoChiMinh,OAK,CONT_000362,CARR_Maersk,2025-11-19,2025-11-22T12:47:45.064861,DC-07,Accessories,1.2262859191523758,0.5459341204009983,66385.63,75036.66,77700.98,74299.67,False,False
PO_000363,SUP_ELEC_01,KR_Busan,OAK,CONT_000363,CARR_Maersk,2025-11-11,2025-11-13T16:56:45.640314,DC-09,Electronics,1.8431809037848321,0.5510003378527109,105207.22,78893.47,79783.21,81730.18,False,False
PO_000364,SUP_GEN_02,VN_HoChiMinh,SEA,CONT_000364,CARR_Maersk,2025-11-19,2025-11-22T00:15:36.461302,DC-02,Home,1.9400839568296264,0.7835159715081694,13336.29,62831.15,63432.25,65083.59,False,False
PO_000365,SUP_ELEC_02,VN_HoChiMinh,SEA,CONT_000365,CARR_MSC,2025-11-16,2025-11-18T12:22:46.063296,DC-05,Accessories,2.0448323731844913,0.6803212136239882,33729.68,73893.77,74819.88,74953.15,True,False
PO_000366,SUP_TOYS_01,VN_HoChiMinh,OAK,CONT_000366,CARR_Maersk,2025-11-14,2025-11-17T19:13:06.577811,DC-09,Toys,2.0018330863899596,0.5319315626688488,37367.81,47096.51,46902.82,46350.31,True,False
PO_000367,SUP_TOYS_01,CN_Shenzhen,SEA,CONT_000367,CARR_COSCO,2025-11-10,2025-11-13T20:38:58.128448,DC-04,Home,2.132880669398743,0.39797011805957283,62616.74,81304.82,83390.48,84662.86,True,True
PO_000368,SUP_ELEC_02,CN_Shenzhen,OAK,CONT_000368,CARR_COSCO,2025-11-20,2025-11-23T09:49:43.401015,DC-07,Electronics,2.0588640971763494,0.27776503370614986,80359.09,48256.21,47363.8,48935.34,False,False
PO_000369,SUP_TOYS_01,KR_Busan,OAK,CONT_000369,CARR_ONE,2025-11-19,2025-11-22T01:38:07.983061,DC-01,Toys,1.120205581781015,0.7560346372655697,51210.61,60676.13,63535.94,64346.74,False,False
PO_000370,SUP_GEN_01,VN_HoChiMinh,OAK,CONT_000370,CARR_COSCO,2025-11-19,2025-11-22T17:48:54.932878,DC-01,Apparel,1.7478021793410399,0.8762143757651975,17014.04,70403.47,73626.44,71002.8,True,True
PO_000371,SUP_GEN_01,KR_Busan,OAK,CONT_000371,CARR_COSCO,2025-11-20,2025-11-23T01:08:46.358921,DC-09,Electronics,1.0573705353902225,0.21662231451134367,62609.13,63047.95,63335.15,63322.37,True,True
PO_000372,SUP_ELEC_01,CN_Shanghai,SEA,CONT_000372,CARR_COSCO,2025-11-12,2025-11-15T20:44:46.920522,DC-06,Home,2.386267100534455,0.678194380594699,14165.97,67433.32,68647.62,66852.44,True,True
